INSERT INTO degrees(degname,totalCredits) VALUES('Ingenieria en Informatica', 244);

INSERT INTO subjects(id,subname,department,credits) VALUES (31.08, 'Sistemas de Representación', 'Ciencias Exactas y Naturales', 3);
INSERT INTO subjects(id,subname,department,credits) VALUES (72.03, 'Introducción a la Informática', 'Sistemas Digitales y Datos', 3);
INSERT INTO subjects(id,subname,department,credits) VALUES (93.26, 'Análisis Matemático I', 'Ciencias Exactas y Naturales', 6 );
INSERT INTO subjects(id,subname,department,credits) VALUES (93.58, 'Álgebra', 'Ciencias Exactas y Naturales', 9);
INSERT INTO subjects(id,subname,department,credits) VALUES (94.24, 'Metodología del Aprendizaje', 'Economía y Negocios', 3);
INSERT INTO subjects(id,subname,department,credits) VALUES (72.31, 'Programación Imperativa', 'Sistemas Digitales y Datos', 9);
INSERT INTO subjects(id,subname,department,credits) VALUES (93.28, 'Análisis Matemático II', 'Ciencias Exactas y Naturales', 6);
INSERT INTO subjects(id,subname,department,credits) VALUES (93.41, 'Física I', 'Ciencias Exactas y Naturales', 6);
INSERT INTO subjects(id,subname,department,credits) VALUES (93.59, 'Matemática Discreta', 'Ciencias Exactas y Naturales', 6);
INSERT INTO subjects(id,subname,department,credits) VALUES (12.09, 'Química', 'Ciencias Exactas y Naturales', 3);
INSERT INTO subjects(id,subname,department,credits) VALUES (72.32, 'Diseño y Procesamiento de Documentos XML', 'Sistemas Digitales y Datos', 3);
INSERT INTO subjects(id,subname,department,credits) VALUES (72.33, 'Programación Orientada a Objetos', 'Sistemas Digitales y Datos', 6);
INSERT INTO subjects(id,subname,department,credits) VALUES (93.35, 'Lógica Computacional', 'Ciencias Exactas y Naturales', 6);
INSERT INTO subjects(id,subname,department,credits) VALUES (93.42, 'Física II', 'Ciencias Exactas y Naturales', 6);
INSERT INTO subjects(id,subname,department,credits) VALUES (72.08, 'Arquitectura de Computadoras', 'Sistemas Digitales y Datos', 6);
INSERT INTO subjects(id,subname,department,credits) VALUES (72.34, 'Estructura de Datos y Algoritmos', 'Sistemas Digitales y Datos', 6);
INSERT INTO subjects(id,subname,department,credits) VALUES (93.24, 'Probabilidad y Estadística', 'Ciencias Exactas y Naturales', 6);
INSERT INTO subjects(id,subname,department,credits) VALUES (93.43, 'Física III', 'Ciencias Exactas y Naturales', 6);
INSERT INTO subjects(id,subname,department,credits) VALUES (72.11, 'Sistemas Operativos', 'Sistemas Digitales y Datos', 6);
INSERT INTO subjects(id,subname,department,credits) VALUES (72.35, 'Ingenieria de Software I', 'Sistemas Digitales y Datos', 6);
INSERT INTO subjects(id,subname,department,credits) VALUES (72.36, 'Interacción Hombre', 'Sistemas Digitales y Datos', 6);
INSERT INTO subjects(id,subname,department,credits) VALUES (72.37, 'Base de Datos I', 'Sistemas Digitales y Datos', 6);
INSERT INTO subjects(id,subname,department,credits) VALUES (72.07, 'Protocolos de Comunicación', 'Sistemas Digitales y Datos', 6);
INSERT INTO subjects(id,subname,department,credits) VALUES (72.38, 'Proyecto de Aplicaciones Web', 'Sistemas Digitales y Datos', 6);
INSERT INTO subjects(id,subname,department,credits) VALUES (72.39, 'Autómatas, Teoría de Lenguajes y Compiladores', 'Sistemas Digitales y Datos', 6);
INSERT INTO subjects(id,subname,department,credits) VALUES(93.07, 'Métodos Numéricos', 'Ciencias Exactas y Naturales', 3);
INSERT INTO subjects(id,subname,department,credits) VALUES(94.21, 'Formación General I', 'Economía y Negocios', 3);
INSERT INTO subjects(id,subname,department,credits) VALUES(94.51, 'Inglés I', '', 0);
INSERT INTO subjects(id,subname,department,credits) VALUES(61.23, 'Economía para Ingenieros', 'Economía y Negocios', 3);
INSERT INTO subjects(id,subname,department,credits) VALUES(61.32, 'Derecho para Ingenieros', 'Economía y Negocios', 3);
INSERT INTO subjects(id,subname,department,credits) VALUES(72.40, 'Ingenieria del Software II', 'Sistemas Digitales y Datos', 3);
INSERT INTO subjects(id,subname,department,credits) VALUES(72.41, 'Base de Datos II', 'Sistemas Digitales y Datos', 6);
INSERT INTO subjects(id,subname,department,credits) VALUES(72.42, 'Programación de Objetos Distribuidos', 'Sistemas Digitales y Datos', 3);
INSERT INTO subjects(id,subname,department,credits) VALUES(93.75, 'Métodos Numéricos Avanzados', 'Ciencias Exactas y Naturales', 6);
INSERT INTO subjects(id,subname,department,credits) VALUES(72.25, 'Simulación de Sistemas', 'Sistemas Digitales y Datos', 6);
INSERT INTO subjects(id,subname,department,credits) VALUES(72.27, 'Sistemas de Inteligencia Artificial', 'Sistemas Digitales y Datos', 6);
INSERT INTO subjects(id,subname,department,credits) VALUES(72.43, 'Gestión de Proyectos Informáticos', 'Sistemas Digitales y Datos', 3);
INSERT INTO subjects(id,subname,department,credits) VALUES(72.44, 'Criptografía y Seguridad', 'Sistemas Digitales y Datos', 6);
INSERT INTO subjects(id,subname,department,credits) VALUES(12.83, 'Seguridad Ocupacional y Ambiental', 'Ambiente Y Movilidad', 3);
INSERT INTO subjects(id,subname,department,credits) VALUES(72.45, 'Proyecto Final', 'Sistemas Digitales y Datos', 12);
INSERT INTO subjects(id,subname,department,credits) VALUES(72.20, 'Redes de Información', 'Sistemas Digitales y Datos', 6);
INSERT INTO subjects(id,subname,department,credits) VALUES(72.98, 'Práctica Laboral', '', 0);
INSERT INTO subjects(id,subname,department,credits) VALUES(94.23, 'Formación General III', 'Economía y Negocios', 3);
INSERT INTO subjects(id,subname,department,credits) VALUES(94.52, 'Inglés II', '', 0);

INSERT INTO subjects(id,subname,department,credits) VALUES (10.09, 'Formación para Emprendedores', 'Sistemas Complejos y Energía', 3);
INSERT INTO subjects(id,subname,department,credits) VALUES (16.04, 'Neurociencias y Desarrollo Productivo', 'Ciencias de la Vida', 3);
INSERT INTO subjects(id,subname,department,credits) VALUES (16.50, 'Introducción a la Bioinformática', 'Ciencias de la Vida', 3);
INSERT INTO subjects(id,subname,department,credits) VALUES (16.57, 'Robótica Bioinspirada', 'Ciencias de la Vida', 3);
INSERT INTO subjects(id,subname,department,credits) VALUES (22.48, 'Procesamiento de Imágenes', 'Sistemas Digitales y Datos', 3);
INSERT INTO subjects(id,subname,department,credits) VALUES (23.15, 'Realidad Virtual', 'Sistemas Digitales y Datos', 3);
INSERT INTO subjects(id,subname,department,credits) VALUES (61.50, 'Finanzas de la Empresa', 'Economía y Negocios', 3);
INSERT INTO subjects(id,subname,department,credits) VALUES (72.50, 'Introducción al Desarrollo de Videojuegos', 'Sistemas Digitales y Datos', 6);
INSERT INTO subjects(id,subname,department,credits) VALUES (72.52, 'Análisis y Tratamiento de Imágenes', 'Sistemas Digitales y Datos', 3);
INSERT INTO subjects(id,subname,department,credits) VALUES (72.54, 'OLAP y Explotación de Datos', 'Sistemas Digitales y Datos', 3);
INSERT INTO subjects(id,subname,department,credits) VALUES (72.58, 'Computación Gráfica', 'Sistemas Digitales y Datos', 3);
INSERT INTO subjects(id,subname,department,credits) VALUES (72.60, 'Programación Funcional', 'Sistemas Digitales y Datos', 3);
INSERT INTO subjects(id,subname,department,credits) VALUES (72.65, 'Desarrollo de Videojuegos 2D en iPhone OS', 'Sistemas Digitales y Datos', 3);
INSERT INTO subjects(id,subname,department,credits) VALUES (72.71, 'Integración de Sistemas de Información', 'Sistemas Digitales y Datos', 3);
INSERT INTO subjects(id,subname,department,credits) VALUES (72.72, 'Análisis y Verificación de Modelos y Códigos', 'Sistemas Digitales y Datos', 3);
INSERT INTO subjects(id,subname,department,credits) VALUES (72.74, 'Visualización de Información', 'Sistemas Digitales y Datos', 3);
INSERT INTO subjects(id,subname,department,credits) VALUES (72.75, 'Aprendizaje Automático (Machine Learning)', 'Sistemas Digitales y Datos', 3);
INSERT INTO subjects(id,subname,department,credits) VALUES (72.86, 'Técnicas Avanzadas en Videojuegos', 'Sistemas Digitales y Datos', 3);
INSERT INTO subjects(id,subname,department,credits) VALUES (72.87, 'Diseño Sonoro para Animación y Videojuegos', 'Sistemas Digitales y Datos', 3);
INSERT INTO subjects(id,subname,department,credits) VALUES (72.89, 'Moneda Digital Descentralizada', 'Sistemas Digitales y Datos', 3);
INSERT INTO subjects(id,subname,department,credits) VALUES (72.90, 'Internet de las Cosas (IoT)', 'Sistemas Digitales y Datos', 3);
INSERT INTO subjects(id,subname,department,credits) VALUES (72.92, 'El Paradigma NoSQL - Bases de Datos de Grafos', 'Sistemas Digitales y Datos', 3);
INSERT INTO subjects(id,subname,department,credits) VALUES (72.96, 'Proyecto de Aplicaciones Móviles', 'Sistemas Digitales y Datos', 3);
INSERT INTO subjects(id,subname,department,credits) VALUES (72.97, 'Introducción a la Programación de Videojuegos', 'Sistemas Digitales y Datos', 3);
INSERT INTO subjects(id,subname,department,credits) VALUES (73.21, 'Desarrollo de Aplicaciones Móviles Multiplataforma', 'Sistemas Digitales y Datos', 3);
INSERT INTO subjects(id,subname,department,credits) VALUES (73.40, 'ARQUITECTURA DE MICROSERVICIOS', 'Sistemas Digitales y Datos', 3);
INSERT INTO subjects(id,subname,department,credits) VALUES (81.13, 'Futuros Posibles', 'Economía y Negocios', 1);
INSERT INTO subjects(id,subname,department,credits) VALUES (82.08, 'Cloud Computing', 'Economía y Negocios', 3);
INSERT INTO subjects(id,subname,department,credits) VALUES (82.18, 'Procesamiento del Lenguaje Natural', 'Economía y Negocios', 3);
INSERT INTO subjects(id,subname,department,credits) VALUES (94.42, 'Comunicación Estratégica', 'Economía y Negocios', 3);
INSERT INTO subjects(id,subname,department,credits) VALUES (94.62, 'Ética en los Negocios', 'Economía y Negocios', 3);

INSERT INTO subjectsdegrees SELECT 31.08, 1, id FROM degrees WHERE degname = 'Ingenieria en Informatica';
INSERT INTO subjectsdegrees SELECT 72.03, 1, id FROM degrees WHERE degname = 'Ingenieria en Informatica';
INSERT INTO subjectsdegrees SELECT 93.26, 1, id FROM degrees WHERE degname = 'Ingenieria en Informatica';
INSERT INTO subjectsdegrees SELECT 93.58, 1, id FROM degrees WHERE degname = 'Ingenieria en Informatica';
INSERT INTO subjectsdegrees SELECT 94.24, 1, id FROM degrees WHERE degname = 'Ingenieria en Informatica';
INSERT INTO subjectsdegrees SELECT 72.31, 2, id FROM degrees WHERE degname = 'Ingenieria en Informatica';
INSERT INTO subjectsdegrees SELECT 93.28, 2, id FROM degrees WHERE degname = 'Ingenieria en Informatica';
INSERT INTO subjectsdegrees SELECT 93.41, 2, id FROM degrees WHERE degname = 'Ingenieria en Informatica';
INSERT INTO subjectsdegrees SELECT 93.59, 2, id FROM degrees WHERE degname = 'Ingenieria en Informatica';
INSERT INTO subjectsdegrees SELECT 12.09, 3, id FROM degrees WHERE degname = 'Ingenieria en Informatica';
INSERT INTO subjectsdegrees SELECT 72.32, 3, id FROM degrees WHERE degname = 'Ingenieria en Informatica';
INSERT INTO subjectsdegrees SELECT 72.33, 3, id FROM degrees WHERE degname = 'Ingenieria en Informatica';
INSERT INTO subjectsdegrees SELECT 93.35, 3, id FROM degrees WHERE degname = 'Ingenieria en Informatica';
INSERT INTO subjectsdegrees SELECT 93.42, 3, id FROM degrees WHERE degname = 'Ingenieria en Informatica';
INSERT INTO subjectsdegrees SELECT 72.08, 4, id FROM degrees WHERE degname = 'Ingenieria en Informatica';
INSERT INTO subjectsdegrees SELECT 72.34, 4, id FROM degrees WHERE degname = 'Ingenieria en Informatica';
INSERT INTO subjectsdegrees SELECT 93.24, 4, id FROM degrees WHERE degname = 'Ingenieria en Informatica';
INSERT INTO subjectsdegrees SELECT 93.43, 4, id FROM degrees WHERE degname = 'Ingenieria en Informatica';
INSERT INTO subjectsdegrees SELECT 72.11, 5, id FROM degrees WHERE degname = 'Ingenieria en Informatica';
INSERT INTO subjectsdegrees SELECT 72.35, 5, id FROM degrees WHERE degname = 'Ingenieria en Informatica';
INSERT INTO subjectsdegrees SELECT 72.36, 5, id FROM degrees WHERE degname = 'Ingenieria en Informatica';
INSERT INTO subjectsdegrees SELECT 72.37, 5, id FROM degrees WHERE degname = 'Ingenieria en Informatica';
INSERT INTO subjectsdegrees SELECT 72.07, 6, id FROM degrees WHERE degname = 'Ingenieria en Informatica';
INSERT INTO subjectsdegrees SELECT 72.38, 6, id FROM degrees WHERE degname = 'Ingenieria en Informatica';
INSERT INTO subjectsdegrees SELECT 72.39, 6, id FROM degrees WHERE degname = 'Ingenieria en Informatica';
INSERT INTO subjectsdegrees SELECT 93.07, 6, id FROM degrees WHERE degname = 'Ingenieria en Informatica';
INSERT INTO subjectsdegrees SELECT 94.21, 6, id FROM degrees WHERE degname = 'Ingenieria en Informatica';
INSERT INTO subjectsdegrees SELECT 94.51, 6, id FROM degrees WHERE degname = 'Ingenieria en Informatica';
INSERT INTO subjectsdegrees SELECT 61.23, 7, id FROM degrees WHERE degname = 'Ingenieria en Informatica';
INSERT INTO subjectsdegrees SELECT 61.32, 7, id FROM degrees WHERE degname = 'Ingenieria en Informatica';
INSERT INTO subjectsdegrees SELECT 72.40, 7, id FROM degrees WHERE degname = 'Ingenieria en Informatica';
INSERT INTO subjectsdegrees SELECT 72.41, 7, id FROM degrees WHERE degname = 'Ingenieria en Informatica';
INSERT INTO subjectsdegrees SELECT 72.42, 7, id FROM degrees WHERE degname = 'Ingenieria en Informatica';
INSERT INTO subjectsdegrees SELECT 93.75, 7, id FROM degrees WHERE degname = 'Ingenieria en Informatica';
INSERT INTO subjectsdegrees SELECT 72.25, 8, id FROM degrees WHERE degname = 'Ingenieria en Informatica';
INSERT INTO subjectsdegrees SELECT 72.27, 8, id FROM degrees WHERE degname = 'Ingenieria en Informatica';
INSERT INTO subjectsdegrees SELECT 72.43, 8, id FROM degrees WHERE degname = 'Ingenieria en Informatica';
INSERT INTO subjectsdegrees SELECT 72.44, 8, id FROM degrees WHERE degname = 'Ingenieria en Informatica';
INSERT INTO subjectsdegrees SELECT 12.83, 9, id FROM degrees WHERE degname = 'Ingenieria en Informatica';
INSERT INTO subjectsdegrees SELECT 72.45, 9, id FROM degrees WHERE degname = 'Ingenieria en Informatica';
INSERT INTO subjectsdegrees SELECT 72.20, 10, id FROM degrees WHERE degname = 'Ingenieria en Informatica';
INSERT INTO subjectsdegrees SELECT 72.98, 10, id FROM degrees WHERE degname = 'Ingenieria en Informatica';
INSERT INTO subjectsdegrees SELECT 94.23, 10, id FROM degrees WHERE degname = 'Ingenieria en Informatica';
INSERT INTO subjectsdegrees SELECT 94.52, 10, id FROM degrees WHERE degname = 'Ingenieria en Informatica';

INSERT INTO subjectsdegrees SELECT 10.09, -1, id FROM degrees WHERE degname = 'Ingenieria en Informatica';
INSERT INTO subjectsdegrees SELECT 16.04, -1, id FROM degrees WHERE degname = 'Ingenieria en Informatica';
INSERT INTO subjectsdegrees SELECT 16.50, -1, id FROM degrees WHERE degname = 'Ingenieria en Informatica';
INSERT INTO subjectsdegrees SELECT 16.57, -1, id FROM degrees WHERE degname = 'Ingenieria en Informatica';
INSERT INTO subjectsdegrees SELECT 22.48, -1, id FROM degrees WHERE degname = 'Ingenieria en Informatica';
INSERT INTO subjectsdegrees SELECT 23.15, -1, id FROM degrees WHERE degname = 'Ingenieria en Informatica';
INSERT INTO subjectsdegrees SELECT 61.50, -1, id FROM degrees WHERE degname = 'Ingenieria en Informatica';
INSERT INTO subjectsdegrees SELECT 72.50, -1, id FROM degrees WHERE degname = 'Ingenieria en Informatica';
INSERT INTO subjectsdegrees SELECT 72.52, -1, id FROM degrees WHERE degname = 'Ingenieria en Informatica';
INSERT INTO subjectsdegrees SELECT 72.54, -1, id FROM degrees WHERE degname = 'Ingenieria en Informatica';
INSERT INTO subjectsdegrees SELECT 72.58, -1, id FROM degrees WHERE degname = 'Ingenieria en Informatica';
INSERT INTO subjectsdegrees SELECT 72.60, -1, id FROM degrees WHERE degname = 'Ingenieria en Informatica';
INSERT INTO subjectsdegrees SELECT 72.65, -1, id FROM degrees WHERE degname = 'Ingenieria en Informatica';
INSERT INTO subjectsdegrees SELECT 72.71, -1, id FROM degrees WHERE degname = 'Ingenieria en Informatica';
INSERT INTO subjectsdegrees SELECT 72.72, -1, id FROM degrees WHERE degname = 'Ingenieria en Informatica';
INSERT INTO subjectsdegrees SELECT 72.74, -1, id FROM degrees WHERE degname = 'Ingenieria en Informatica';
INSERT INTO subjectsdegrees SELECT 72.75, -1, id FROM degrees WHERE degname = 'Ingenieria en Informatica';
INSERT INTO subjectsdegrees SELECT 72.86, -1, id FROM degrees WHERE degname = 'Ingenieria en Informatica';
INSERT INTO subjectsdegrees SELECT 72.87, -1, id FROM degrees WHERE degname = 'Ingenieria en Informatica';
INSERT INTO subjectsdegrees SELECT 72.89, -1, id FROM degrees WHERE degname = 'Ingenieria en Informatica';
INSERT INTO subjectsdegrees SELECT 72.90, -1, id FROM degrees WHERE degname = 'Ingenieria en Informatica';
INSERT INTO subjectsdegrees SELECT 72.92, -1, id FROM degrees WHERE degname = 'Ingenieria en Informatica';
INSERT INTO subjectsdegrees SELECT 72.96, -1, id FROM degrees WHERE degname = 'Ingenieria en Informatica';
INSERT INTO subjectsdegrees SELECT 72.97, -1, id FROM degrees WHERE degname = 'Ingenieria en Informatica';
INSERT INTO subjectsdegrees SELECT 73.21, -1, id FROM degrees WHERE degname = 'Ingenieria en Informatica';
INSERT INTO subjectsdegrees SELECT 73.40, -1, id FROM degrees WHERE degname = 'Ingenieria en Informatica';
INSERT INTO subjectsdegrees SELECT 81.13, -1, id FROM degrees WHERE degname = 'Ingenieria en Informatica';
INSERT INTO subjectsdegrees SELECT 82.08, -1, id FROM degrees WHERE degname = 'Ingenieria en Informatica';
INSERT INTO subjectsdegrees SELECT 82.18, -1, id FROM degrees WHERE degname = 'Ingenieria en Informatica';
INSERT INTO subjectsdegrees SELECT 94.42, -1, id FROM degrees WHERE degname = 'Ingenieria en Informatica';
INSERT INTO subjectsdegrees SELECT 94.62, -1, id FROM degrees WHERE degname = 'Ingenieria en Informatica';


INSERT INTO prereqSubjects VALUES(72.31, 93.58);
INSERT INTO prereqSubjects VALUES(72.31, 72.03);
INSERT INTO prereqSubjects VALUES(93.28, 93.58);
INSERT INTO prereqSubjects VALUES(93.28, 93.26);
INSERT INTO prereqSubjects VALUES(93.41, 93.26);
INSERT INTO prereqSubjects VALUES(93.59, 93.58);
INSERT INTO prereqSubjects VALUES(72.32, 72.31);
INSERT INTO prereqSubjects VALUES(72.33, 72.31);
INSERT INTO prereqSubjects VALUES(93.35, 93.58);
INSERT INTO prereqSubjects VALUES(93.42, 93.28);
INSERT INTO prereqSubjects VALUES(72.08, 72.31);
INSERT INTO prereqSubjects VALUES(72.34, 93.59);
INSERT INTO prereqSubjects VALUES(72.34, 72.33);
INSERT INTO prereqSubjects VALUES(93.24, 93.28);
INSERT INTO prereqSubjects VALUES(93.43, 93.28);
INSERT INTO prereqSubjects VALUES(93.43, 93.41);
INSERT INTO prereqSubjects VALUES(72.11, 72.08);
INSERT INTO prereqSubjects VALUES(72.11, 72.34);
INSERT INTO prereqSubjects VALUES(72.35, 72.33);
INSERT INTO prereqSubjects VALUES(72.36, 72.33);
INSERT INTO prereqSubjects VALUES(72.36, 72.32);
INSERT INTO prereqSubjects VALUES(72.37, 72.34);
INSERT INTO prereqSubjects VALUES(72.37, 93.35);
INSERT INTO prereqSubjects VALUES(72.07, 72.11);
INSERT INTO prereqSubjects VALUES(72.38, 72.11);
INSERT INTO prereqSubjects VALUES(72.38, 72.37);
INSERT INTO prereqSubjects VALUES(72.38, 72.36);
INSERT INTO prereqSubjects VALUES(72.38, 72.35);
INSERT INTO prereqSubjects VALUES(72.39, 72.34);
INSERT INTO prereqSubjects VALUES(93.07, 93.28);
INSERT INTO prereqSubjects VALUES(61.23, 93.24);
INSERT INTO prereqSubjects VALUES(72.40, 72.38);
INSERT INTO prereqSubjects VALUES(72.40, 72.35);
INSERT INTO prereqSubjects VALUES(72.41, 72.11);
INSERT INTO prereqSubjects VALUES(72.41, 72.37);
INSERT INTO prereqSubjects VALUES(72.42, 72.07);
INSERT INTO prereqSubjects VALUES(72.42, 72.38);
INSERT INTO prereqSubjects VALUES(93.75, 93.07);
INSERT INTO prereqSubjects VALUES(72.25, 72.34);
INSERT INTO prereqSubjects VALUES(72.25, 93.07);
INSERT INTO prereqSubjects VALUES(72.27, 93.24);
INSERT INTO prereqSubjects VALUES(72.27, 72.34);
INSERT INTO prereqSubjects VALUES(72.43, 72.40);
INSERT INTO prereqSubjects VALUES(72.44, 72.07);
INSERT INTO prereqSubjects VALUES(72.44, 72.38);
INSERT INTO prereqSubjects VALUES(72.45, 72.43);
INSERT INTO prereqSubjects VALUES(72.20, 72.07);
INSERT INTO prereqSubjects VALUES(94.52, 94.51);

INSERT INTO prereqSubjects VALUES (16.50, 72.37);
INSERT INTO prereqSubjects VALUES (16.57, 72.08);
INSERT INTO prereqSubjects VALUES (16.57, 93.43);
INSERT INTO prereqSubjects VALUES (22.48, 93.75);
INSERT INTO prereqSubjects VALUES (23.15, 93.58);
INSERT INTO prereqSubjects VALUES (23.15, 72.34);
INSERT INTO prereqSubjects VALUES (61.50, 61.23);
INSERT INTO prereqSubjects VALUES (72.50, 72.34);
INSERT INTO prereqSubjects VALUES (72.52, 93.75);
INSERT INTO prereqSubjects VALUES (72.52, 72.34);
INSERT INTO prereqSubjects VALUES (72.54, 93.24);
INSERT INTO prereqSubjects VALUES (72.54, 72.41);
INSERT INTO prereqSubjects VALUES (72.58, 72.34);
INSERT INTO prereqSubjects VALUES (72.60, 72.34);
INSERT INTO prereqSubjects VALUES (72.65, 72.34);
INSERT INTO prereqSubjects VALUES (72.71, 72.38);
INSERT INTO prereqSubjects VALUES (72.74, 72.31);
INSERT INTO prereqSubjects VALUES (72.75, 93.75);
INSERT INTO prereqSubjects VALUES (72.75, 93.24);
INSERT INTO prereqSubjects VALUES (72.75, 72.34);
INSERT INTO prereqSubjects VALUES (72.86, 72.07);
INSERT INTO prereqSubjects VALUES (72.86, 72.34);
INSERT INTO prereqSubjects VALUES (72.87, 72.34);
INSERT INTO prereqSubjects VALUES (72.89, 72.44);
INSERT INTO prereqSubjects VALUES (72.90, 93.07);
INSERT INTO prereqSubjects VALUES (72.90, 93.43);
INSERT INTO prereqSubjects VALUES (72.92, 72.41);
INSERT INTO prereqSubjects VALUES (72.96, 72.38);
INSERT INTO prereqSubjects VALUES (72.97, 72.38);
INSERT INTO prereqSubjects VALUES (73.21, 72.38);
INSERT INTO prereqSubjects VALUES (73.40, 72.41);
INSERT INTO prereqSubjects VALUES (73.40, 72.40);
INSERT INTO prereqSubjects VALUES (82.08, 72.32);

INSERT INTO professors (profname) VALUES ( 'De Piero, Maria Ines' );
INSERT INTO professors (profname) VALUES ( 'Pfister, Patricia Sylvina' );
INSERT INTO professors (profname) VALUES ( 'Ducrey, Mariana' );
INSERT INTO professors (profname) VALUES ( 'Giménez, Analía Paula' );
INSERT INTO professors (profname) VALUES ( 'Porcellana, Jorge Alberto' );
INSERT INTO professors (profname) VALUES ( 'Quiros, Dante Patricio' );
INSERT INTO professors (profname) VALUES ( 'Buquete, Maria Alejandra' );
INSERT INTO professors (profname) VALUES ( 'Turrin, Marcelo Emiliano' );
INSERT INTO professors (profname) VALUES ( 'Mancilla Aguilar, Jose Luis' );
INSERT INTO professors (profname) VALUES ( 'Florit, Patricia Teresa' );
INSERT INTO professors (profname) VALUES ( 'Fernández Sau, Mercedes' );
INSERT INTO professors (profname) VALUES ( 'Fraga, Claudia Elsa' );
INSERT INTO professors (profname) VALUES ( 'Francisco, Diego Hernán' );
INSERT INTO professors (profname) VALUES ( 'Garcia Serrano, Silvina Aida' );
INSERT INTO professors (profname) VALUES ( 'González Rodríguez, Rafael Ricardo' );
INSERT INTO professors (profname) VALUES ( 'Pérez, Luciano Alejo' );
INSERT INTO professors (profname) VALUES ( 'Benítez, Oscar Matías' );
INSERT INTO professors (profname) VALUES ( 'Fages, Luciano Rodolfo' );
INSERT INTO professors (profname) VALUES ( 'Noni, Maria Laura' );
INSERT INTO professors (profname) VALUES ( 'D´Alesio Souto, Sofía Nerina' );
INSERT INTO professors (profname) VALUES ( 'Epstein, Julián' );
INSERT INTO professors (profname) VALUES ( 'Oviedo, Martina Guadalupe' );
INSERT INTO professors (profname) VALUES ( 'Gayoso, Maria Celia' );
INSERT INTO professors (profname) VALUES ( 'Manterola, Sergio Daniel' );
INSERT INTO professors (profname) VALUES ( 'Buzzi, Paula Veronica' );
INSERT INTO professors (profname) VALUES ( 'Álvarez, Paola Marta' );
INSERT INTO professors (profname) VALUES ( 'Iwachow, María Alejandra' );
INSERT INTO professors (profname) VALUES ( 'Toranzo Calderón, Joaquín Santiago' );
INSERT INTO professors (profname) VALUES ( 'Garberoglio, Marcelo Fabio' );
INSERT INTO professors (profname) VALUES ( 'Arias Roig, Ana Maria' );
INSERT INTO professors (profname) VALUES ( 'Meola, Franco Román' );
INSERT INTO professors (profname) VALUES ( 'Boutet, Stella Maris' );
INSERT INTO professors (profname) VALUES ( 'Marti, Maria Elisabeth' );
INSERT INTO professors (profname) VALUES ( 'Venturiello, Verónica' );
INSERT INTO professors (profname) VALUES ( 'Diaz, Alejandro Raul' );
INSERT INTO professors (profname) VALUES ( 'Medus, Andrés Daniel' );
INSERT INTO professors (profname) VALUES ( 'Perotti, Marcelo Gustavo' );
INSERT INTO professors (profname) VALUES ( 'Carnovale, Elsa Beatriz' );
INSERT INTO professors (profname) VALUES ( 'Di Lorenzo, Francisco Javier' );
INSERT INTO professors (profname) VALUES ( 'Hikawczuk, Pablo Alejandro' );
INSERT INTO professors (profname) VALUES ( 'Lopez, Daniel Marcelo' );
INSERT INTO professors (profname) VALUES ( 'Repossi, Patricia del Valle' );
INSERT INTO professors (profname) VALUES ( 'Vieytes, Roberto Eduardo' );
INSERT INTO professors (profname) VALUES ( 'Bobadilla, Joel Ivan' );
INSERT INTO professors (profname) VALUES ( 'Fernández Arancibia, Sol María' );
INSERT INTO professors (profname) VALUES ( 'Calahonra, Yamil Ariel' );
INSERT INTO professors (profname) VALUES ( 'Bonucci, Pablo Leandro' );
INSERT INTO professors (profname) VALUES ( 'Sosa, Marina' );
INSERT INTO professors (profname) VALUES ( 'Wilk, Bernardo Matías' );
INSERT INTO professors (profname) VALUES ( 'Testa Fernandez, Juan Jose' );
INSERT INTO professors (profname) VALUES ( 'Meich, Veronica Cecilia' );
INSERT INTO professors (profname) VALUES ( 'Vanarelli, Mauro Esteban' );
INSERT INTO professors (profname) VALUES ( 'Cammarata, Maria del mar' );
INSERT INTO professors (profname) VALUES ( 'Fontanella De Santis, Teresa Natalia' );
INSERT INTO professors (profname) VALUES ( 'Soliani, Valeria Ines' );
INSERT INTO professors (profname) VALUES ( 'Meola, Franco Roman' );
INSERT INTO professors (profname) VALUES ( 'Bagini, Matias Eugenio' );
INSERT INTO professors (profname) VALUES ( 'Castro Pena' );
INSERT INTO professors (profname) VALUES ( 'Fernandez Sau, Mercedes' );
INSERT INTO professors (profname) VALUES ( 'Poggi, Facundo Sebastian' );
INSERT INTO professors (profname) VALUES ( 'Vega, Santiago' );
INSERT INTO professors (profname) VALUES ( 'Konig, Pablo German' );
INSERT INTO professors (profname) VALUES ( 'Gigli, Miriam Laura' );
INSERT INTO professors (profname) VALUES ( 'Palazzo, Edgardo' );
INSERT INTO professors (profname) VALUES ( 'Aita, Hugo Alberto' );
INSERT INTO professors (profname) VALUES ( 'Duvidovich, Laura Patricia' );
INSERT INTO professors (profname) VALUES ( 'Granado, Mauro' );
INSERT INTO professors (profname) VALUES ( 'Valles, Santiago Raul' );
INSERT INTO professors (profname) VALUES ( 'Merovich, Horacio Victor' );
INSERT INTO professors (profname) VALUES ( 'Ramos, Federico Gabriel' );
INSERT INTO professors (profname) VALUES ( 'Gomez, Leticia Irene' );
INSERT INTO professors (profname) VALUES ( 'Mader Blanco, Conrado Eugenio Fernando' );
INSERT INTO professors (profname) VALUES ( 'Staudenmann, Luis Alberto' );
INSERT INTO professors (profname) VALUES ( 'Fierens, Pablo Ignacio' );
INSERT INTO professors (profname) VALUES ( 'Hayes, Alejandro' );
INSERT INTO professors (profname) VALUES ( 'Pantazis, Lucio Jose' );
INSERT INTO professors (profname) VALUES ( 'Medus, Andres Daniel' );
INSERT INTO professors (profname) VALUES ( 'Alessio, Maria Gabriela' );
INSERT INTO professors (profname) VALUES ( 'Berlin, Guido' );
INSERT INTO professors (profname) VALUES ( 'Fernandez, Fernando Sergio' );
INSERT INTO professors (profname) VALUES ( 'Minces, Pablo Sebastian' );
INSERT INTO professors (profname) VALUES ( 'Oreglia, Eduardo Victor' );
INSERT INTO professors (profname) VALUES ( 'Sinardi, Norberto Antonio' );
INSERT INTO professors (profname) VALUES ( 'Florentin, Raul Felix' );
INSERT INTO professors (profname) VALUES ( 'Frank, Guillermo Alberto' );
INSERT INTO professors (profname) VALUES ( 'Lopez, Lucia' );
INSERT INTO professors (profname) VALUES ( 'Godio, Ariel' );
INSERT INTO professors (profname) VALUES ( 'Aquili, Alejo Ezequiel' );
INSERT INTO professors (profname) VALUES ( 'Mogni, Guido Matias' );
INSERT INTO professors (profname) VALUES ( 'Botti, Federico Jose' );
INSERT INTO professors (profname) VALUES ( 'Dolagaratz, Gonzalo Matias' );
INSERT INTO professors (profname) VALUES ( 'Vilas, Carlos Emiliano' );
INSERT INTO professors (profname) VALUES ( 'Guerrero, Marcela Alejandra' );
INSERT INTO professors (profname) VALUES ( 'Rodriguez Babino, Cecilia' );
INSERT INTO professors (profname) VALUES ( 'Kulesz, Sebastian' );
INSERT INTO professors (profname) VALUES ( 'Sotuyo Dodero, Juan Martin' );
INSERT INTO professors (profname) VALUES ( 'Donofrio, Nicolas' );
INSERT INTO professors (profname) VALUES ( 'Sanguineti Arena, Francisco Javier' );
INSERT INTO professors (profname) VALUES ( 'Ramele, Rodrigo Ezequiel' );
INSERT INTO professors (profname) VALUES ( 'Devoto, Jorge Andres' );
INSERT INTO professors (profname) VALUES ( 'Epstein, Julian' );
INSERT INTO professors (profname) VALUES ( 'Wilk, Bernardo Matias' );
INSERT INTO professors (profname) VALUES ( 'Dias Leimbacher, Enrique Daniel' );
INSERT INTO professors (profname) VALUES ( 'Calamante, Romina' );
INSERT INTO professors (profname) VALUES ( 'Cravino, Ana Maria' );
INSERT INTO professors (profname) VALUES ( 'Roldan, Juan Eduardo' );
INSERT INTO professors (profname) VALUES ( 'Coccolo, Pablo Bartolome' );
INSERT INTO professors (profname) VALUES ( 'Abayu, Jorge Alejandro' );
INSERT INTO professors (profname) VALUES ( 'Massucco, Gustavo' );
INSERT INTO professors (profname) VALUES ( 'Yanez, Esteban Hernan' );
INSERT INTO professors (profname) VALUES ( 'Lalanne, Santiago' );
INSERT INTO professors (profname) VALUES ( 'Palandella, Mauricio Guillermo' );
INSERT INTO professors (profname) VALUES ( 'Perego, Pablo Alejandro' );
INSERT INTO professors (profname) VALUES ( 'Blazques, Oscar Gustavo' );
INSERT INTO professors (profname) VALUES ( 'Pringles Canto, Cristina del Valle' );
INSERT INTO professors (profname) VALUES ( 'Garcia, Guillermo' );
INSERT INTO professors (profname) VALUES ( 'Aizemberg, Diego Ariel' );
INSERT INTO professors (profname) VALUES ( 'Benitez, Oscar Matias' );
INSERT INTO professors (profname) VALUES ( 'Parisi, Daniel Ricardo' );
INSERT INTO professors (profname) VALUES ( 'Patterson, German Agustin' );
INSERT INTO professors (profname) VALUES ( 'Wiebke, Lucas' );
INSERT INTO professors (profname) VALUES ( 'Pierri, Alan' );
INSERT INTO professors (profname) VALUES ( 'Bianchi, Luciano Gustavo' );
INSERT INTO professors (profname) VALUES ( 'Fuster, Marina' );
INSERT INTO professors (profname) VALUES ( 'Pineiro, Eugenia Sol' );
INSERT INTO professors (profname) VALUES ( 'Mon, Alicia Laura' );
INSERT INTO professors (profname) VALUES ( 'Carrodani, Luz Maria Isabel' );
INSERT INTO professors (profname) VALUES ( 'Abad, Pablo Eduardo' );
INSERT INTO professors (profname) VALUES ( 'Affranchino, Gustavo Osvaldo' );
INSERT INTO professors (profname) VALUES ( 'Ordonez, Hernan Dario' );
INSERT INTO professors (profname) VALUES ( 'Fernandez Velazco, Santiago' );
INSERT INTO professors (profname) VALUES ( 'Debrouvier, Hemilse' );
INSERT INTO professors (profname) VALUES ( 'Huerta, Jorge Ernseto' );
INSERT INTO professors (profname) VALUES ( 'Cortes Rodriguez, Kevin Imanol' );
INSERT INTO professors (profname) VALUES ( 'Ortiz, Pablo Gabriel' );
INSERT INTO professors (profname) VALUES ( 'Pedro, Cecilia Angelica' );
INSERT INTO professors (profname) VALUES ( 'Pekers, Paula' );
INSERT INTO professors (profname) VALUES ( 'Perez Aguirre, Florencia' );
INSERT INTO professors (profname) VALUES ( 'Garcia Poitevin, Catalina' );
INSERT INTO professors (profname) VALUES ( 'Varela Paez, Hernan Matias' );
INSERT INTO professors (profname) VALUES ( 'Draier, Fernando' );
INSERT INTO professors (profname) VALUES ( 'Ansaldi, Ezequiel Martin' );
INSERT INTO professors (profname) VALUES ( 'Ayestaran, Marcos Alberto' );
INSERT INTO professors (profname) VALUES ( 'Balcazar, Federico' );
INSERT INTO professors (profname) VALUES ( 'Errandosoro, Fernando Damian' );
INSERT INTO professors (profname) VALUES ( 'Gayoso, Julieta' );
INSERT INTO professors (profname) VALUES ( 'Iribarren, Rodrigo Inaki' );
INSERT INTO professors (profname) VALUES ( 'Rodrigo Bovio, Mateo' );
INSERT INTO professors (profname) VALUES ( 'Zuker, Martin' );
INSERT INTO professors (profname) VALUES ( 'Castagnino, Nicolas' );
INSERT INTO professors (profname) VALUES ( 'Forcato, Cecilia' );
INSERT INTO professors (profname) VALUES ( 'Herrero, Nerea' );
INSERT INTO professors (profname) VALUES ( 'Moyano, Malen Daiana' );
INSERT INTO professors (profname) VALUES ( 'Urreta Benitez, Facundo' );
INSERT INTO professors (profname) VALUES ( 'Yankilevich, Patricio' );
INSERT INTO professors (profname) VALUES ( 'Breglia, Mariano Nicolas' );
INSERT INTO professors (profname) VALUES ( 'Gleiser, Pablo Martín' );
INSERT INTO professors (profname) VALUES ( 'Jacoby, Daniel Andres' );
INSERT INTO professors (profname) VALUES ( 'Ressl, Marc S.' );
INSERT INTO professors (profname) VALUES ( 'Ruiz, Diego Gabriel' );
INSERT INTO professors (profname) VALUES ( 'Donato, Juan Facundo' );
INSERT INTO professors (profname) VALUES ( 'Romarion, German Rodrigo' );
INSERT INTO professors (profname) VALUES ( 'Gambini, Maria Juliana' );
INSERT INTO professors (profname) VALUES ( 'Abbate, Horacio Antonio' );
INSERT INTO professors (profname) VALUES ( 'Martinez Lopez, Pablo Ernesto' );
INSERT INTO professors (profname) VALUES ( 'Benitez, Mariano Miguel Guillermo' );
INSERT INTO professors (profname) VALUES ( 'Frias, Marcelo Fabian' );
INSERT INTO professors (profname) VALUES ( 'Balfour, Oliver' );
INSERT INTO professors (profname) VALUES ( 'Carbonari, Giulia' );
INSERT INTO professors (profname) VALUES ( 'Mondino, Carolina' );
INSERT INTO professors (profname) VALUES ( 'Perez Sammartino, Franciso' );
INSERT INTO professors (profname) VALUES ( 'Lorenzon, Jorge Alejandro' );
INSERT INTO professors (profname) VALUES ( 'Ottati, Leandro Marcio' );
INSERT INTO professors (profname) VALUES ( 'Jardi Bello, Yemel Angel' );
INSERT INTO professors (profname) VALUES ( 'Lavarello, Agustin' );
INSERT INTO professors (profname) VALUES ( 'Soracco, Tomas' );
INSERT INTO professors (profname) VALUES ( 'Nicolet, Santiago' );
INSERT INTO professors (profname) VALUES ( 'Caballero, Luis Ivan' );
INSERT INTO professors (profname) VALUES ( 'Diaz Schwab, Roberto' );
INSERT INTO professors (profname) VALUES ( 'Michelli, Mariano' );
INSERT INTO professors (profname) VALUES ( 'Pestchanker, Alejandro' );
INSERT INTO professors (profname) VALUES ( 'Gomez, Leticie Irene' );
INSERT INTO professors (profname) VALUES ( 'Vaisman, Alejandro Ariel' );
INSERT INTO professors (profname) VALUES ( 'Fraga, Matias' );
INSERT INTO professors (profname) VALUES ( 'Lervasi Scokin, Juan Jose' );
INSERT INTO professors (profname) VALUES ( 'Vallaro, Rodrigo' );
INSERT INTO professors (profname) VALUES ( 'Casto Pena, Gonzalo' );
INSERT INTO professors (profname) VALUES ( 'Castaneda, Federico Eduardo' );
INSERT INTO professors (profname) VALUES ( 'Capparelli, Martin Federico' );
INSERT INTO professors (profname) VALUES ( 'Sagues, Ignacio Valentin' );
INSERT INTO professors (profname) VALUES ( 'Plata Martinez, Beatriz Elena' );
INSERT INTO professors (profname) VALUES ( 'Zeolla, Karen' );
INSERT INTO professors (profname) VALUES ( 'Nasillo, Agustin Gabriel' );
INSERT INTO professors (profname) VALUES ( 'Beines Furcada, Juan Martin' );
INSERT INTO professors (profname) VALUES ( 'Pannunzio Putignano, Faustino Mario Ernesto' );
INSERT INTO professors (profname) VALUES ( 'Valentini, Francisco' );
INSERT INTO professors (profname) VALUES ( 'Caravaggio, Leonardo Andres' );
INSERT INTO professors (profname) VALUES ( 'Magro, Adriana Edith' );
INSERT INTO professors (profname) VALUES ( 'Presas Neira, Maria Esperanza' );
INSERT INTO professors (profname) VALUES ( 'Gallo Haddad, Daniela' );

INSERT INTO professorsSubjects (idProf, idSub) SELECT professors.id, '31.08'  FROM professors WHERE professors.profName = 'De Piero, Maria Ines';
INSERT INTO professorsSubjects (idProf, idSub) SELECT professors.id, '31.08'  FROM professors WHERE professors.profName = 'Pfister, Patricia Sylvina';
INSERT INTO professorsSubjects (idProf, idSub) SELECT professors.id, '31.08'  FROM professors WHERE professors.profName = 'Ducrey, Mariana';
INSERT INTO professorsSubjects (idProf, idSub) SELECT professors.id, '31.08'  FROM professors WHERE professors.profName = 'Giménez, Analía Paula';
INSERT INTO professorsSubjects (idProf, idSub) SELECT professors.id, '31.08'  FROM professors WHERE professors.profName = 'Porcellana, Jorge Alberto';
INSERT INTO professorsSubjects (idProf, idSub) SELECT professors.id, '31.08'  FROM professors WHERE professors.profName = 'Quiros, Dante Patricio';
INSERT INTO professorsSubjects (idProf, idSub) SELECT professors.id, '72.03'  FROM professors WHERE professors.profName = 'Buquete, Maria Alejandra';
INSERT INTO professorsSubjects (idProf, idSub) SELECT professors.id, '72.03'  FROM professors WHERE professors.profName = 'Turrin, Marcelo Emiliano';
INSERT INTO professorsSubjects (idProf, idSub) SELECT professors.id, '93.26'  FROM professors WHERE professors.profName = 'Mancilla Aguilar, Jose Luis';
INSERT INTO professorsSubjects (idProf, idSub) SELECT professors.id, '93.26'  FROM professors WHERE professors.profName = 'Florit, Patricia Teresa';
INSERT INTO professorsSubjects (idProf, idSub) SELECT professors.id, '93.26'  FROM professors WHERE professors.profName = 'Fernández Sau, Mercedes';
INSERT INTO professorsSubjects (idProf, idSub) SELECT professors.id, '93.26'  FROM professors WHERE professors.profName = 'Fraga, Claudia Elsa';
INSERT INTO professorsSubjects (idProf, idSub) SELECT professors.id, '93.26'  FROM professors WHERE professors.profName = 'Francisco, Diego Hernán';
INSERT INTO professorsSubjects (idProf, idSub) SELECT professors.id, '93.26'  FROM professors WHERE professors.profName = 'Garcia Serrano, Silvina Aida';
INSERT INTO professorsSubjects (idProf, idSub) SELECT professors.id, '93.26'  FROM professors WHERE professors.profName = 'González Rodríguez, Rafael Ricardo';
INSERT INTO professorsSubjects (idProf, idSub) SELECT professors.id, '93.26'  FROM professors WHERE professors.profName = 'Pérez, Luciano Alejo';
INSERT INTO professorsSubjects (idProf, idSub) SELECT professors.id, '93.26'  FROM professors WHERE professors.profName = 'Benítez, Oscar Matías';
INSERT INTO professorsSubjects (idProf, idSub) SELECT professors.id, '93.26'  FROM professors WHERE professors.profName = 'Fages, Luciano Rodolfo';
INSERT INTO professorsSubjects (idProf, idSub) SELECT professors.id, '93.58'  FROM professors WHERE professors.profName = 'Noni, Maria Laura';
INSERT INTO professorsSubjects (idProf, idSub) SELECT professors.id, '93.58'  FROM professors WHERE professors.profName = 'D´Alesio Souto, Sofía Nerina';
INSERT INTO professorsSubjects (idProf, idSub) SELECT professors.id, '93.58'  FROM professors WHERE professors.profName = 'Epstein, Julián';
INSERT INTO professorsSubjects (idProf, idSub) SELECT professors.id, '93.58'  FROM professors WHERE professors.profName = 'Oviedo, Martina Guadalupe';
INSERT INTO professorsSubjects (idProf, idSub) SELECT professors.id, '93.58'  FROM professors WHERE professors.profName = 'Fages, Luciano Rodolfo';
INSERT INTO professorsSubjects (idProf, idSub) SELECT professors.id, '94.24'  FROM professors WHERE professors.profName = 'Gayoso, Maria Celia';
INSERT INTO professorsSubjects (idProf, idSub) SELECT professors.id, '94.24'  FROM professors WHERE professors.profName = 'Manterola, Sergio Daniel';
INSERT INTO professorsSubjects (idProf, idSub) SELECT professors.id, '94.24'  FROM professors WHERE professors.profName = 'Buzzi, Paula Veronica';
INSERT INTO professorsSubjects (idProf, idSub) SELECT professors.id, '94.24'  FROM professors WHERE professors.profName = 'Álvarez, Paola Marta';
INSERT INTO professorsSubjects (idProf, idSub) SELECT professors.id, '94.24'  FROM professors WHERE professors.profName = 'Iwachow, María Alejandra';
INSERT INTO professorsSubjects (idProf, idSub) SELECT professors.id, '94.24'  FROM professors WHERE professors.profName = 'Toranzo Calderón, Joaquín Santiago';
INSERT INTO professorsSubjects (idProf, idSub) SELECT professors.id, '72.31'  FROM professors WHERE professors.profName = 'Garberoglio, Marcelo Fabio';
INSERT INTO professorsSubjects (idProf, idSub) SELECT professors.id, '72.31'  FROM professors WHERE professors.profName = 'Arias Roig, Ana Maria';
INSERT INTO professorsSubjects (idProf, idSub) SELECT professors.id, '72.31'  FROM professors WHERE professors.profName = 'Meola, Franco Román';
INSERT INTO professorsSubjects (idProf, idSub) SELECT professors.id, '93.28'  FROM professors WHERE professors.profName = 'Boutet, Stella Maris';
INSERT INTO professorsSubjects (idProf, idSub) SELECT professors.id, '93.28'  FROM professors WHERE professors.profName = 'Marti, Maria Elisabeth';
INSERT INTO professorsSubjects (idProf, idSub) SELECT professors.id, '93.28'  FROM professors WHERE professors.profName = 'Pérez, Luciano Alejo';
INSERT INTO professorsSubjects (idProf, idSub) SELECT professors.id, '93.28'  FROM professors WHERE professors.profName = 'Venturiello, Verónica';
INSERT INTO professorsSubjects (idProf, idSub) SELECT professors.id, '93.41'  FROM professors WHERE professors.profName = 'Diaz, Alejandro Raul';
INSERT INTO professorsSubjects (idProf, idSub) SELECT professors.id, '93.41'  FROM professors WHERE professors.profName = 'Medus, Andrés Daniel';
INSERT INTO professorsSubjects (idProf, idSub) SELECT professors.id, '93.41'  FROM professors WHERE professors.profName = 'Perotti, Marcelo Gustavo';
INSERT INTO professorsSubjects (idProf, idSub) SELECT professors.id, '93.41'  FROM professors WHERE professors.profName = 'Carnovale, Elsa Beatriz';
INSERT INTO professorsSubjects (idProf, idSub) SELECT professors.id, '93.41'  FROM professors WHERE professors.profName = 'Di Lorenzo, Francisco Javier';
INSERT INTO professorsSubjects (idProf, idSub) SELECT professors.id, '93.41'  FROM professors WHERE professors.profName = 'Hikawczuk, Pablo Alejandro';
INSERT INTO professorsSubjects (idProf, idSub) SELECT professors.id, '93.41'  FROM professors WHERE professors.profName = 'Lopez, Daniel Marcelo';
INSERT INTO professorsSubjects (idProf, idSub) SELECT professors.id, '93.41'  FROM professors WHERE professors.profName = 'Repossi, Patricia del Valle';
INSERT INTO professorsSubjects (idProf, idSub) SELECT professors.id, '93.41'  FROM professors WHERE professors.profName = 'Vieytes, Roberto Eduardo';
INSERT INTO professorsSubjects (idProf, idSub) SELECT professors.id, '93.41'  FROM professors WHERE professors.profName = 'Bobadilla, Joel Ivan';
INSERT INTO professorsSubjects (idProf, idSub) SELECT professors.id, '93.41'  FROM professors WHERE professors.profName = 'Fernández Arancibia, Sol María';
INSERT INTO professorsSubjects (idProf, idSub) SELECT professors.id, '93.41'  FROM professors WHERE professors.profName = 'Calahonra, Yamil Ariel';
INSERT INTO professorsSubjects (idProf, idSub) SELECT professors.id, '93.59'  FROM professors WHERE professors.profName = 'Bonucci, Pablo Leandro';
INSERT INTO professorsSubjects (idProf, idSub) SELECT professors.id, '93.59'  FROM professors WHERE professors.profName = 'Sosa, Marina';
INSERT INTO professorsSubjects (idProf, idSub) SELECT professors.id, '93.59'  FROM professors WHERE professors.profName = 'Wilk, Bernardo Matías';
INSERT INTO professorsSubjects (idProf, idSub) SELECT professors.id, '12.09'  FROM professors WHERE professors.profName = 'Testa Fernandez, Juan Jose';
INSERT INTO professorsSubjects (idProf, idSub) SELECT professors.id, '12.09'  FROM professors WHERE professors.profName = 'Meich, Veronica Cecilia';
INSERT INTO professorsSubjects (idProf, idSub) SELECT professors.id, '12.09'  FROM professors WHERE professors.profName = 'Vanarelli, Mauro Esteban';
INSERT INTO professorsSubjects (idProf, idSub) SELECT professors.id, '12.09'  FROM professors WHERE professors.profName = 'Cammarata, Maria del mar';
INSERT INTO professorsSubjects (idProf, idSub) SELECT professors.id, '72.32'  FROM professors WHERE professors.profName = 'Fontanella De Santis, Teresa Natalia';
INSERT INTO professorsSubjects (idProf, idSub) SELECT professors.id, '72.32'  FROM professors WHERE professors.profName = 'Soliani, Valeria Ines';
INSERT INTO professorsSubjects (idProf, idSub) SELECT professors.id, '72.33'  FROM professors WHERE professors.profName = 'Meola, Franco Roman';
INSERT INTO professorsSubjects (idProf, idSub) SELECT professors.id, '72.33'  FROM professors WHERE professors.profName = 'Bagini, Matias Eugenio';
INSERT INTO professorsSubjects (idProf, idSub) SELECT professors.id, '72.33'  FROM professors WHERE professors.profName = 'Castro Pena';
INSERT INTO professorsSubjects (idProf, idSub) SELECT professors.id, '93.35'  FROM professors WHERE professors.profName = 'Noni, Maria Laura';
INSERT INTO professorsSubjects (idProf, idSub) SELECT professors.id, '93.35'  FROM professors WHERE professors.profName = 'Fernandez Sau, Mercedes';
INSERT INTO professorsSubjects (idProf, idSub) SELECT professors.id, '93.35'  FROM professors WHERE professors.profName = 'Poggi, Facundo Sebastian';
INSERT INTO professorsSubjects (idProf, idSub) SELECT professors.id, '93.35'  FROM professors WHERE professors.profName = 'Vega, Santiago';
INSERT INTO professorsSubjects (idProf, idSub) SELECT professors.id, '93.35'  FROM professors WHERE professors.profName = 'Oviedo, Martina Guadalupe';
INSERT INTO professorsSubjects (idProf, idSub) SELECT professors.id, '93.42'  FROM professors WHERE professors.profName = 'Konig, Pablo German';
INSERT INTO professorsSubjects (idProf, idSub) SELECT professors.id, '93.42'  FROM professors WHERE professors.profName = 'Diaz, Alejandro Raul';
INSERT INTO professorsSubjects (idProf, idSub) SELECT professors.id, '93.42'  FROM professors WHERE professors.profName = 'Gigli, Miriam Laura';
INSERT INTO professorsSubjects (idProf, idSub) SELECT professors.id, '93.42'  FROM professors WHERE professors.profName = 'Hikawczuk, Pablo Alejandro';
INSERT INTO professorsSubjects (idProf, idSub) SELECT professors.id, '93.42'  FROM professors WHERE professors.profName = 'Palazzo, Edgardo';
INSERT INTO professorsSubjects (idProf, idSub) SELECT professors.id, '93.42'  FROM professors WHERE professors.profName = 'Aita, Hugo Alberto';
INSERT INTO professorsSubjects (idProf, idSub) SELECT professors.id, '93.42'  FROM professors WHERE professors.profName = 'Duvidovich, Laura Patricia';
INSERT INTO professorsSubjects (idProf, idSub) SELECT professors.id, '93.42'  FROM professors WHERE professors.profName = 'Granado, Mauro';
INSERT INTO professorsSubjects (idProf, idSub) SELECT professors.id, '72.08'  FROM professors WHERE professors.profName = 'Valles, Santiago Raul';
INSERT INTO professorsSubjects (idProf, idSub) SELECT professors.id, '72.08'  FROM professors WHERE professors.profName = 'Merovich, Horacio Victor';
INSERT INTO professorsSubjects (idProf, idSub) SELECT professors.id, '72.08'  FROM professors WHERE professors.profName = 'Ramos, Federico Gabriel';
INSERT INTO professorsSubjects (idProf, idSub) SELECT professors.id, '72.34'  FROM professors WHERE professors.profName = 'Gomez, Leticia Irene';
INSERT INTO professorsSubjects (idProf, idSub) SELECT professors.id, '72.34'  FROM professors WHERE professors.profName = 'Mader Blanco, Conrado Eugenio Fernando';
INSERT INTO professorsSubjects (idProf, idSub) SELECT professors.id, '72.34'  FROM professors WHERE professors.profName = 'Staudenmann, Luis Alberto';
INSERT INTO professorsSubjects (idProf, idSub) SELECT professors.id, '93.24'  FROM professors WHERE professors.profName = 'Fierens, Pablo Ignacio';
INSERT INTO professorsSubjects (idProf, idSub) SELECT professors.id, '93.24'  FROM professors WHERE professors.profName = 'Hayes, Alejandro';
INSERT INTO professorsSubjects (idProf, idSub) SELECT professors.id, '93.24'  FROM professors WHERE professors.profName = 'Pantazis, Lucio Jose';
INSERT INTO professorsSubjects (idProf, idSub) SELECT professors.id, '93.43'  FROM professors WHERE professors.profName = 'Medus, Andres Daniel';
INSERT INTO professorsSubjects (idProf, idSub) SELECT professors.id, '93.43'  FROM professors WHERE professors.profName = 'Alessio, Maria Gabriela';
INSERT INTO professorsSubjects (idProf, idSub) SELECT professors.id, '93.43'  FROM professors WHERE professors.profName = 'Berlin, Guido';
INSERT INTO professorsSubjects (idProf, idSub) SELECT professors.id, '93.43'  FROM professors WHERE professors.profName = 'Di Lorenzo, Francisco Javier';
INSERT INTO professorsSubjects (idProf, idSub) SELECT professors.id, '93.43'  FROM professors WHERE professors.profName = 'Fernandez, Fernando Sergio';
INSERT INTO professorsSubjects (idProf, idSub) SELECT professors.id, '93.43'  FROM professors WHERE professors.profName = 'Hikawczuk, Pablo Alejandro';
INSERT INTO professorsSubjects (idProf, idSub) SELECT professors.id, '93.43'  FROM professors WHERE professors.profName = 'Minces, Pablo Sebastian';
INSERT INTO professorsSubjects (idProf, idSub) SELECT professors.id, '93.43'  FROM professors WHERE professors.profName = 'Oreglia, Eduardo Victor';
INSERT INTO professorsSubjects (idProf, idSub) SELECT professors.id, '93.43'  FROM professors WHERE professors.profName = 'Sinardi, Norberto Antonio';
INSERT INTO professorsSubjects (idProf, idSub) SELECT professors.id, '93.43'  FROM professors WHERE professors.profName = 'Bobadilla, Joel Ivan';
INSERT INTO professorsSubjects (idProf, idSub) SELECT professors.id, '93.43'  FROM professors WHERE professors.profName = 'Florentin, Raul Felix';
INSERT INTO professorsSubjects (idProf, idSub) SELECT professors.id, '93.43'  FROM professors WHERE professors.profName = 'Frank, Guillermo Alberto';
INSERT INTO professorsSubjects (idProf, idSub) SELECT professors.id, '93.43'  FROM professors WHERE professors.profName = 'Granado, Mauro';
INSERT INTO professorsSubjects (idProf, idSub) SELECT professors.id, '93.43'  FROM professors WHERE professors.profName = 'Lopez, Lucia';
INSERT INTO professorsSubjects (idProf, idSub) SELECT professors.id, '72.11'  FROM professors WHERE professors.profName = 'Godio, Ariel';
INSERT INTO professorsSubjects (idProf, idSub) SELECT professors.id, '72.11'  FROM professors WHERE professors.profName = 'Aquili, Alejo Ezequiel';
INSERT INTO professorsSubjects (idProf, idSub) SELECT professors.id, '72.11'  FROM professors WHERE professors.profName = 'Mogni, Guido Matias';
INSERT INTO professorsSubjects (idProf, idSub) SELECT professors.id, '72.35'  FROM professors WHERE professors.profName = 'Buquete, Maria Alejandra';
INSERT INTO professorsSubjects (idProf, idSub) SELECT professors.id, '72.35'  FROM professors WHERE professors.profName = 'Botti, Federico Jose';
INSERT INTO professorsSubjects (idProf, idSub) SELECT professors.id, '72.36'  FROM professors WHERE professors.profName = 'Dolagaratz, Gonzalo Matias';
INSERT INTO professorsSubjects (idProf, idSub) SELECT professors.id, '72.36'  FROM professors WHERE professors.profName = 'Vilas, Carlos Emiliano';
INSERT INTO professorsSubjects (idProf, idSub) SELECT professors.id, '72.36'  FROM professors WHERE professors.profName = 'Guerrero, Marcela Alejandra';
INSERT INTO professorsSubjects (idProf, idSub) SELECT professors.id, '72.37'  FROM professors WHERE professors.profName = 'Gomez, Leticia Irene';
INSERT INTO professorsSubjects (idProf, idSub) SELECT professors.id, '72.37'  FROM professors WHERE professors.profName = 'Rodriguez Babino, Cecilia';
INSERT INTO professorsSubjects (idProf, idSub) SELECT professors.id, '72.07'  FROM professors WHERE professors.profName = 'Garberoglio, Marcelo Fabio';
INSERT INTO professorsSubjects (idProf, idSub) SELECT professors.id, '72.07'  FROM professors WHERE professors.profName = 'Kulesz, Sebastian';
INSERT INTO professorsSubjects (idProf, idSub) SELECT professors.id, '72.38'  FROM professors WHERE professors.profName = 'Sotuyo Dodero, Juan Martin';
INSERT INTO professorsSubjects (idProf, idSub) SELECT professors.id, '72.38'  FROM professors WHERE professors.profName = 'Donofrio, Nicolas';
INSERT INTO professorsSubjects (idProf, idSub) SELECT professors.id, '72.38'  FROM professors WHERE professors.profName = 'Sanguineti Arena, Francisco Javier';
INSERT INTO professorsSubjects (idProf, idSub) SELECT professors.id, '72.39'  FROM professors WHERE professors.profName = 'Arias Roig, Ana Maria';
INSERT INTO professorsSubjects (idProf, idSub) SELECT professors.id, '72.39'  FROM professors WHERE professors.profName = 'Ramele, Rodrigo Ezequiel';
INSERT INTO professorsSubjects (idProf, idSub) SELECT professors.id, '93.07'  FROM professors WHERE professors.profName = 'Devoto, Jorge Andres';
INSERT INTO professorsSubjects (idProf, idSub) SELECT professors.id, '93.07'  FROM professors WHERE professors.profName = 'Epstein, Julian';
INSERT INTO professorsSubjects (idProf, idSub) SELECT professors.id, '93.07'  FROM professors WHERE professors.profName = 'Oviedo, Martina Guadalupe';
INSERT INTO professorsSubjects (idProf, idSub) SELECT professors.id, '93.07'  FROM professors WHERE professors.profName = 'Wilk, Bernardo Matias';
INSERT INTO professorsSubjects (idProf, idSub) SELECT professors.id, '94.21'  FROM professors WHERE professors.profName = 'Dias Leimbacher, Enrique Daniel';
INSERT INTO professorsSubjects (idProf, idSub) SELECT professors.id, '94.21'  FROM professors WHERE professors.profName = 'Calamante, Romina';
INSERT INTO professorsSubjects (idProf, idSub) SELECT professors.id, '94.21'  FROM professors WHERE professors.profName = 'Cravino, Ana Maria';
INSERT INTO professorsSubjects (idProf, idSub) SELECT professors.id, '94.21'  FROM professors WHERE professors.profName = 'Roldan, Juan Eduardo';
INSERT INTO professorsSubjects (idProf, idSub) SELECT professors.id, '61.23'  FROM professors WHERE professors.profName = 'Coccolo, Pablo Bartolome';
INSERT INTO professorsSubjects (idProf, idSub) SELECT professors.id, '61.23'  FROM professors WHERE professors.profName = 'Abayu, Jorge Alejandro';
INSERT INTO professorsSubjects (idProf, idSub) SELECT professors.id, '61.23'  FROM professors WHERE professors.profName = 'Massucco, Gustavo';
INSERT INTO professorsSubjects (idProf, idSub) SELECT professors.id, '61.23'  FROM professors WHERE professors.profName = 'Yanez, Esteban Hernan';
INSERT INTO professorsSubjects (idProf, idSub) SELECT professors.id, '61.23'  FROM professors WHERE professors.profName = 'Lalanne, Santiago';
INSERT INTO professorsSubjects (idProf, idSub) SELECT professors.id, '61.23'  FROM professors WHERE professors.profName = 'Palandella, Mauricio Guillermo';
INSERT INTO professorsSubjects (idProf, idSub) SELECT professors.id, '61.32'  FROM professors WHERE professors.profName = 'Perego, Pablo Alejandro';
INSERT INTO professorsSubjects (idProf, idSub) SELECT professors.id, '61.32'  FROM professors WHERE professors.profName = 'Blazques, Oscar Gustavo';
INSERT INTO professorsSubjects (idProf, idSub) SELECT professors.id, '61.32'  FROM professors WHERE professors.profName = 'Pringles Canto, Cristina del Valle';
INSERT INTO professorsSubjects (idProf, idSub) SELECT professors.id, '72.40'  FROM professors WHERE professors.profName = 'Sotuyo Dodero, Juan Martin';
INSERT INTO professorsSubjects (idProf, idSub) SELECT professors.id, '72.40'  FROM professors WHERE professors.profName = 'Garcia, Guillermo';
INSERT INTO professorsSubjects (idProf, idSub) SELECT professors.id, '72.41'  FROM professors WHERE professors.profName = 'Aizemberg, Diego Ariel';
INSERT INTO professorsSubjects (idProf, idSub) SELECT professors.id, '72.41'  FROM professors WHERE professors.profName = 'Rodriguez Babino, Cecilia';
INSERT INTO professorsSubjects (idProf, idSub) SELECT professors.id, '72.42'  FROM professors WHERE professors.profName = 'Meola, Franco Roman';
INSERT INTO professorsSubjects (idProf, idSub) SELECT professors.id, '72.42'  FROM professors WHERE professors.profName = 'Turrin, Marcelo Emiliano';
INSERT INTO professorsSubjects (idProf, idSub) SELECT professors.id, '93.75'  FROM professors WHERE professors.profName = 'Hayes, Alejandro';
INSERT INTO professorsSubjects (idProf, idSub) SELECT professors.id, '93.75'  FROM professors WHERE professors.profName = 'Benitez, Oscar Matias';
INSERT INTO professorsSubjects (idProf, idSub) SELECT professors.id, '72.25'  FROM professors WHERE professors.profName = 'Parisi, Daniel Ricardo';
INSERT INTO professorsSubjects (idProf, idSub) SELECT professors.id, '72.25'  FROM professors WHERE professors.profName = 'Patterson, German Agustin';
INSERT INTO professorsSubjects (idProf, idSub) SELECT professors.id, '72.25'  FROM professors WHERE professors.profName = 'Wiebke, Lucas';
INSERT INTO professorsSubjects (idProf, idSub) SELECT professors.id, '72.27'  FROM professors WHERE professors.profName = 'Ramele, Rodrigo Ezequiel';
INSERT INTO professorsSubjects (idProf, idSub) SELECT professors.id, '72.27'  FROM professors WHERE professors.profName = 'Pierri, Alan';
INSERT INTO professorsSubjects (idProf, idSub) SELECT professors.id, '72.27'  FROM professors WHERE professors.profName = 'Bianchi, Luciano Gustavo';
INSERT INTO professorsSubjects (idProf, idSub) SELECT professors.id, '72.27'  FROM professors WHERE professors.profName = 'Fuster, Marina';
INSERT INTO professorsSubjects (idProf, idSub) SELECT professors.id, '72.27'  FROM professors WHERE professors.profName = 'Pineiro, Eugenia Sol';
INSERT INTO professorsSubjects (idProf, idSub) SELECT professors.id, '72.43'  FROM professors WHERE professors.profName = 'Mon, Alicia Laura';
INSERT INTO professorsSubjects (idProf, idSub) SELECT professors.id, '72.43'  FROM professors WHERE professors.profName = 'Carrodani, Luz Maria Isabel';
INSERT INTO professorsSubjects (idProf, idSub) SELECT professors.id, '72.44'  FROM professors WHERE professors.profName = 'Abad, Pablo Eduardo';
INSERT INTO professorsSubjects (idProf, idSub) SELECT professors.id, '72.44'  FROM professors WHERE professors.profName = 'Arias Roig, Ana Maria';
INSERT INTO professorsSubjects (idProf, idSub) SELECT professors.id, '72.44'  FROM professors WHERE professors.profName = 'Ramele, Rodrigo Ezequiel';
INSERT INTO professorsSubjects (idProf, idSub) SELECT professors.id, '12.83'  FROM professors WHERE professors.profName = 'Affranchino, Gustavo Osvaldo';
INSERT INTO professorsSubjects (idProf, idSub) SELECT professors.id, '12.83'  FROM professors WHERE professors.profName = 'Ordonez, Hernan Dario';
INSERT INTO professorsSubjects (idProf, idSub) SELECT professors.id, '12.83'  FROM professors WHERE professors.profName = 'Fernandez Velazco, Santiago';
INSERT INTO professorsSubjects (idProf, idSub) SELECT professors.id, '72.45'  FROM professors WHERE professors.profName = 'Mon, Alicia Laura';
INSERT INTO professorsSubjects (idProf, idSub) SELECT professors.id, '72.45'  FROM professors WHERE professors.profName = 'Debrouvier, Hemilse';
INSERT INTO professorsSubjects (idProf, idSub) SELECT professors.id, '72.45'  FROM professors WHERE professors.profName = 'Huerta, Jorge Ernseto';
INSERT INTO professorsSubjects (idProf, idSub) SELECT professors.id, '72.45'  FROM professors WHERE professors.profName = 'Soliani, Valeria Ines';
INSERT INTO professorsSubjects (idProf, idSub) SELECT professors.id, '72.20'  FROM professors WHERE professors.profName = 'Valles, Santiago Raul';
INSERT INTO professorsSubjects (idProf, idSub) SELECT professors.id, '72.20'  FROM professors WHERE professors.profName = 'Staudenmann, Luis Alberto';
INSERT INTO professorsSubjects (idProf, idSub) SELECT professors.id, '72.20'  FROM professors WHERE professors.profName = 'Cortes Rodriguez, Kevin Imanol';
INSERT INTO professorsSubjects (idProf, idSub) SELECT professors.id, '72.20'  FROM professors WHERE professors.profName = 'Ortiz, Pablo Gabriel';
INSERT INTO professorsSubjects (idProf, idSub) SELECT professors.id, '94.23'  FROM professors WHERE professors.profName = 'Pedro, Cecilia Angelica';
INSERT INTO professorsSubjects (idProf, idSub) SELECT professors.id, '94.23'  FROM professors WHERE professors.profName = 'Calamante, Romina';
INSERT INTO professorsSubjects (idProf, idSub) SELECT professors.id, '94.23'  FROM professors WHERE professors.profName = 'Pekers, Paula';
INSERT INTO professorsSubjects (idProf, idSub) SELECT professors.id, '94.23'  FROM professors WHERE professors.profName = 'Perez Aguirre, Florencia';

INSERT INTO professorsSubjects (idProf, idSub) SELECT professors.id, '10.09'  FROM professors WHERE professors.profName = 'Garcia Poitevin, Catalina';
INSERT INTO professorsSubjects (idProf, idSub) SELECT professors.id, '10.09'  FROM professors WHERE professors.profName = 'Varela Paez, Hernan Matias';
INSERT INTO professorsSubjects (idProf, idSub) SELECT professors.id, '10.09'  FROM professors WHERE professors.profName = 'Draier, Fernando';
INSERT INTO professorsSubjects (idProf, idSub) SELECT professors.id, '10.09'  FROM professors WHERE professors.profName = 'Ansaldi, Ezequiel Martin';
INSERT INTO professorsSubjects (idProf, idSub) SELECT professors.id, '10.09'  FROM professors WHERE professors.profName = 'Ayestaran, Marcos Alberto';
INSERT INTO professorsSubjects (idProf, idSub) SELECT professors.id, '10.09'  FROM professors WHERE professors.profName = 'Balcazar, Federico';
INSERT INTO professorsSubjects (idProf, idSub) SELECT professors.id, '10.09'  FROM professors WHERE professors.profName = 'Errandosoro, Fernando Damian';
INSERT INTO professorsSubjects (idProf, idSub) SELECT professors.id, '10.09'  FROM professors WHERE professors.profName = 'Gayoso, Julieta';
INSERT INTO professorsSubjects (idProf, idSub) SELECT professors.id, '10.09'  FROM professors WHERE professors.profName = 'Iribarren, Rodrigo Inaki';
INSERT INTO professorsSubjects (idProf, idSub) SELECT professors.id, '10.09'  FROM professors WHERE professors.profName = 'Rodrigo Bovio, Mateo';
INSERT INTO professorsSubjects (idProf, idSub) SELECT professors.id, '10.09'  FROM professors WHERE professors.profName = 'Zuker, Martin';
INSERT INTO professorsSubjects (idProf, idSub) SELECT professors.id, '10.09'  FROM professors WHERE professors.profName = 'Castagnino, Nicolas';
INSERT INTO professorsSubjects (idProf, idSub) SELECT professors.id, '16.04'  FROM professors WHERE professors.profName = 'Forcato, Cecilia';
INSERT INTO professorsSubjects (idProf, idSub) SELECT professors.id, '16.04'  FROM professors WHERE professors.profName = 'Herrero, Nerea';
INSERT INTO professorsSubjects (idProf, idSub) SELECT professors.id, '16.04'  FROM professors WHERE professors.profName = 'Moyano, Malen Daiana';
INSERT INTO professorsSubjects (idProf, idSub) SELECT professors.id, '16.04'  FROM professors WHERE professors.profName = 'Urreta Benitez, Facundo';
INSERT INTO professorsSubjects (idProf, idSub) SELECT professors.id, '16.50'  FROM professors WHERE professors.profName = 'Breglia, Mariano Nicolas';
INSERT INTO professorsSubjects (idProf, idSub) SELECT professors.id, '16.50'  FROM professors WHERE professors.profName = 'Yankilevich, Patricio';
INSERT INTO professorsSubjects (idProf, idSub) SELECT professors.id, '16.57'  FROM professors WHERE professors.profName = 'Gleiser, Pablo Martín';
INSERT INTO professorsSubjects (idProf, idSub) SELECT professors.id, '22.48'  FROM professors WHERE professors.profName = 'Jacoby, Daniel Andres';
INSERT INTO professorsSubjects (idProf, idSub) SELECT professors.id, '23.15'  FROM professors WHERE professors.profName = 'Ressl, Marc S.';
INSERT INTO professorsSubjects (idProf, idSub) SELECT professors.id, '61.50'  FROM professors WHERE professors.profName = 'Coccolo, Pablo Bartolome';
INSERT INTO professorsSubjects (idProf, idSub) SELECT professors.id, '61.50'  FROM professors WHERE professors.profName = 'Abayu, Jorge Alejandro';
INSERT INTO professorsSubjects (idProf, idSub) SELECT professors.id, '61.50'  FROM professors WHERE professors.profName = 'Massucco, Gustavo';
INSERT INTO professorsSubjects (idProf, idSub) SELECT professors.id, '61.50'  FROM professors WHERE professors.profName = 'Yanez, Esteban Hernan';
INSERT INTO professorsSubjects (idProf, idSub) SELECT professors.id, '61.50'  FROM professors WHERE professors.profName = 'Lalanne, Santiago';
INSERT INTO professorsSubjects (idProf, idSub) SELECT professors.id, '61.50'  FROM professors WHERE professors.profName = 'Palandella, Mauricio Guillermo';
INSERT INTO professorsSubjects (idProf, idSub) SELECT professors.id, '72.50'  FROM professors WHERE professors.profName = 'Ruiz, Diego Gabriel';
INSERT INTO professorsSubjects (idProf, idSub) SELECT professors.id, '72.50'  FROM professors WHERE professors.profName = 'Donato, Juan Facundo';
INSERT INTO professorsSubjects (idProf, idSub) SELECT professors.id, '72.50'  FROM professors WHERE professors.profName = 'Romarion, German Rodrigo';
INSERT INTO professorsSubjects (idProf, idSub) SELECT professors.id, '72.52'  FROM professors WHERE professors.profName = 'Gambini, Maria Juliana';
INSERT INTO professorsSubjects (idProf, idSub) SELECT professors.id, '72.52'  FROM professors WHERE professors.profName = 'Guerrero, Marcela Alejandra';
INSERT INTO professorsSubjects (idProf, idSub) SELECT professors.id, '72.54'  FROM professors WHERE professors.profName = 'Vaisman, Alejandro Ariel';
INSERT INTO professorsSubjects (idProf, idSub) SELECT professors.id, '72.58'  FROM professors WHERE professors.profName = 'Abbate, Horacio Antonio';
INSERT INTO professorsSubjects (idProf, idSub) SELECT professors.id, '72.60'  FROM professors WHERE professors.profName = 'Martinez Lopez, Pablo Ernesto';
INSERT INTO professorsSubjects (idProf, idSub) SELECT professors.id, '72.65'  FROM professors WHERE professors.profName = 'Lorenzon, Jorge Alejandro';
INSERT INTO professorsSubjects (idProf, idSub) SELECT professors.id, '72.71'  FROM professors WHERE professors.profName = 'Benitez, Mariano Miguel Guillermo';
INSERT INTO professorsSubjects (idProf, idSub) SELECT professors.id, '72.72'  FROM professors WHERE professors.profName = 'Frias, Marcelo Fabian';
INSERT INTO professorsSubjects (idProf, idSub) SELECT professors.id, '72.74'  FROM professors WHERE professors.profName = 'Aizemberg, Diego Ariel';
INSERT INTO professorsSubjects (idProf, idSub) SELECT professors.id, '72.74'  FROM professors WHERE professors.profName = 'Balfour, Oliver';
INSERT INTO professorsSubjects (idProf, idSub) SELECT professors.id, '72.75'  FROM professors WHERE professors.profName = 'Carbonari, Giulia';
INSERT INTO professorsSubjects (idProf, idSub) SELECT professors.id, '72.75'  FROM professors WHERE professors.profName = 'Mondino, Carolina';
INSERT INTO professorsSubjects (idProf, idSub) SELECT professors.id, '72.75'  FROM professors WHERE professors.profName = 'Perez Sammartino, Franciso';
INSERT INTO professorsSubjects (idProf, idSub) SELECT professors.id, '72.86'  FROM professors WHERE professors.profName = 'Lorenzon, Jorge Alejandro';
INSERT INTO professorsSubjects (idProf, idSub) SELECT professors.id, '72.87'  FROM professors WHERE professors.profName = 'Ottati, Leandro Marcio';
INSERT INTO professorsSubjects (idProf, idSub) SELECT professors.id, '72.89'  FROM professors WHERE professors.profName = 'Jardi Bello, Yemel Angel';
INSERT INTO professorsSubjects (idProf, idSub) SELECT professors.id, '72.89'  FROM professors WHERE professors.profName = 'Lavarello, Agustin';
INSERT INTO professorsSubjects (idProf, idSub) SELECT professors.id, '72.89'  FROM professors WHERE professors.profName = 'Soracco, Tomas';
INSERT INTO professorsSubjects (idProf, idSub) SELECT professors.id, '72.90'  FROM professors WHERE professors.profName = 'Nicolet, Santiago';
INSERT INTO professorsSubjects (idProf, idSub) SELECT professors.id, '72.90'  FROM professors WHERE professors.profName = 'Caballero, Luis Ivan';
INSERT INTO professorsSubjects (idProf, idSub) SELECT professors.id, '72.90'  FROM professors WHERE professors.profName = 'Diaz Schwab, Roberto';
INSERT INTO professorsSubjects (idProf, idSub) SELECT professors.id, '72.90'  FROM professors WHERE professors.profName = 'Michelli, Mariano';
INSERT INTO professorsSubjects (idProf, idSub) SELECT professors.id, '72.90'  FROM professors WHERE professors.profName = 'Pestchanker, Alejandro';
INSERT INTO professorsSubjects (idProf, idSub) SELECT professors.id, '72.92'  FROM professors WHERE professors.profName = 'Gomez, Leticie Irene';
INSERT INTO professorsSubjects (idProf, idSub) SELECT professors.id, '72.92'  FROM professors WHERE professors.profName = 'Vaisman, Alejandro Ariel';
INSERT INTO professorsSubjects (idProf, idSub) SELECT professors.id, '72.96'  FROM professors WHERE professors.profName = 'Fraga, Matias';
INSERT INTO professorsSubjects (idProf, idSub) SELECT professors.id, '72.97'  FROM professors WHERE professors.profName = 'Lervasi Scokin, Juan Jose';
INSERT INTO professorsSubjects (idProf, idSub) SELECT professors.id, '72.97'  FROM professors WHERE professors.profName = 'Vallaro, Rodrigo';
INSERT INTO professorsSubjects (idProf, idSub) SELECT professors.id, '73.21'  FROM professors WHERE professors.profName = 'Garberoglio, Marcelo Fabio';
INSERT INTO professorsSubjects (idProf, idSub) SELECT professors.id, '73.21'  FROM professors WHERE professors.profName = 'Casto Pena, Gonzalo';
INSERT INTO professorsSubjects (idProf, idSub) SELECT professors.id, '73.40'  FROM professors WHERE professors.profName = 'Castaneda, Federico Eduardo';
INSERT INTO professorsSubjects (idProf, idSub) SELECT professors.id, '73.40'  FROM professors WHERE professors.profName = 'Capparelli, Martin Federico';
INSERT INTO professorsSubjects (idProf, idSub) SELECT professors.id, '73.40'  FROM professors WHERE professors.profName = 'Sagues, Ignacio Valentin';
INSERT INTO professorsSubjects (idProf, idSub) SELECT professors.id, '81.13'  FROM professors WHERE professors.profName = 'Plata Martinez, Beatriz Elena';
INSERT INTO professorsSubjects (idProf, idSub) SELECT professors.id, '81.13'  FROM professors WHERE professors.profName = 'Zeolla, Karen';
INSERT INTO professorsSubjects (idProf, idSub) SELECT professors.id, '82.08'  FROM professors WHERE professors.profName = 'Nasillo, Agustin Gabriel';
INSERT INTO professorsSubjects (idProf, idSub) SELECT professors.id, '82.08'  FROM professors WHERE professors.profName = 'Beines Furcada, Juan Martin';
INSERT INTO professorsSubjects (idProf, idSub) SELECT professors.id, '82.08'  FROM professors WHERE professors.profName = 'Pannunzio Putignano, Faustino Mario Ernesto';
INSERT INTO professorsSubjects (idProf, idSub) SELECT professors.id, '82.18'  FROM professors WHERE professors.profName = 'Valentini, Francisco';
INSERT INTO professorsSubjects (idProf, idSub) SELECT professors.id, '82.18'  FROM professors WHERE professors.profName = 'Caravaggio, Leonardo Andres';
INSERT INTO professorsSubjects (idProf, idSub) SELECT professors.id, '94.42'  FROM professors WHERE professors.profName = 'Magro, Adriana Edith';
INSERT INTO professorsSubjects (idProf, idSub) SELECT professors.id, '94.42'  FROM professors WHERE professors.profName = 'Presas Neira, Maria Esperanza';
INSERT INTO professorsSubjects (idProf, idSub) SELECT professors.id, '94.42'  FROM professors WHERE professors.profName = 'Gallo Haddad, Daniela';
INSERT INTO professorsSubjects (idProf, idSub) SELECT professors.id, '94.62'  FROM professors WHERE professors.profName = 'Perego, Pablo Alejandro';
INSERT INTO professorsSubjects (idProf, idSub) SELECT professors.id, '94.62'  FROM professors WHERE professors.profName = 'Blazques, Oscar Gustavo';
INSERT INTO professorsSubjects (idProf, idSub) SELECT professors.id, '94.62'  FROM professors WHERE professors.profName = 'Suarez, Gustavo Daniel';


INSERT INTO class VALUES('31.08','A');
INSERT INTO class VALUES('31.08','B');
INSERT INTO class VALUES('31.08','C');
INSERT INTO class VALUES('31.08','E');
INSERT INTO class VALUES('31.08','F');
INSERT INTO class VALUES('31.08','G');
INSERT INTO class VALUES('31.08','H');
INSERT INTO class VALUES('31.08','K');
INSERT INTO class VALUES('31.08','S');
INSERT INTO class VALUES('72.03','S');
INSERT INTO class VALUES('72.03','S1');
INSERT INTO class VALUES('93.26','A');
INSERT INTO class VALUES('93.26','B');
INSERT INTO class VALUES('93.26','C');
INSERT INTO class VALUES('93.26','D');
INSERT INTO class VALUES('93.26','E');
INSERT INTO class VALUES('93.26','F');
INSERT INTO class VALUES('93.26','G');
INSERT INTO class VALUES('93.26','H');
INSERT INTO class VALUES('93.58','A');
INSERT INTO class VALUES('93.58','B');
INSERT INTO class VALUES('93.58','C');
INSERT INTO class VALUES('94.24','A');
INSERT INTO class VALUES('94.24','C');
INSERT INTO class VALUES('94.24','DF');
INSERT INTO class VALUES('72.31','S');
INSERT INTO class VALUES('93.28','A');
INSERT INTO class VALUES('93.28','B');
INSERT INTO class VALUES('93.41','A');
INSERT INTO class VALUES('93.41','B');
INSERT INTO class VALUES('93.41','C');
INSERT INTO class VALUES('93.41','D');
INSERT INTO class VALUES('93.41','E');
INSERT INTO class VALUES('93.41','F');
INSERT INTO class VALUES('93.41','G');
INSERT INTO class VALUES('93.41','H');
INSERT INTO class VALUES('93.41','K');
INSERT INTO class VALUES('93.41','S');
INSERT INTO class VALUES('93.41','S1');
INSERT INTO class VALUES('93.59','A');
INSERT INTO class VALUES('93.59','B');
INSERT INTO class VALUES('12.09','S');
INSERT INTO class VALUES('12.09','S2');
INSERT INTO class VALUES('72.32','S');
INSERT INTO class VALUES('72.33','S');
INSERT INTO class VALUES('93.35','A');
INSERT INTO class VALUES('93.35','B');
INSERT INTO class VALUES('93.42','A');
INSERT INTO class VALUES('93.42','B');
INSERT INTO class VALUES('93.42','C');
INSERT INTO class VALUES('93.42','D');
INSERT INTO class VALUES('93.42','E');
INSERT INTO class VALUES('93.42','K');
INSERT INTO class VALUES('93.42','MN');
INSERT INTO class VALUES('93.42','S');
INSERT INTO class VALUES('72.08','S');
INSERT INTO class VALUES('72.34','S');
INSERT INTO class VALUES('93.24','A');
INSERT INTO class VALUES('93.24','B');
INSERT INTO class VALUES('93.43','A');
INSERT INTO class VALUES('93.43','B');
INSERT INTO class VALUES('93.43','C');
INSERT INTO class VALUES('93.43','D');
INSERT INTO class VALUES('93.43','E');
INSERT INTO class VALUES('93.43','MNP');
INSERT INTO class VALUES('93.43','Q');
INSERT INTO class VALUES('93.43','S');
INSERT INTO class VALUES('72.11','S');
INSERT INTO class VALUES('72.35','S');
INSERT INTO class VALUES('72.36','S');
INSERT INTO class VALUES('72.37','S');
INSERT INTO class VALUES('72.07','S');
INSERT INTO class VALUES('72.38','S');
INSERT INTO class VALUES('72.39','S');
INSERT INTO class VALUES('93.07','A');
INSERT INTO class VALUES('93.07','B');
INSERT INTO class VALUES('93.07','C');
INSERT INTO class VALUES('93.07','D');
INSERT INTO class VALUES('94.21','A');
INSERT INTO class VALUES('94.21','BK');
INSERT INTO class VALUES('94.21','C');
INSERT INTO class VALUES('94.21','D');
INSERT INTO class VALUES('94.21','E');
INSERT INTO class VALUES('94.21','H');
INSERT INTO class VALUES('61.23','K');
INSERT INTO class VALUES('61.23','KM');
INSERT INTO class VALUES('61.23','PQ');
INSERT INTO class VALUES('61.23','S');
INSERT INTO class VALUES('61.32','KS');
INSERT INTO class VALUES('61.32','SK');
INSERT INTO class VALUES('72.40','S');
INSERT INTO class VALUES('72.41','S');
INSERT INTO class VALUES('72.42','S');
INSERT INTO class VALUES('93.75','A');
INSERT INTO class VALUES('72.25','S');
INSERT INTO class VALUES('72.27','S');
INSERT INTO class VALUES('72.43','S');
INSERT INTO class VALUES('72.44','S');
INSERT INTO class VALUES('12.83','BIO');
INSERT INTO class VALUES('12.83','S');
INSERT INTO class VALUES('72.45','S');
INSERT INTO class VALUES('72.20','S');
INSERT INTO class VALUES('94.23','AB');
INSERT INTO class VALUES('94.23','C');
INSERT INTO class VALUES('94.23','KMP');

INSERT INTO class VALUES('10.09', 'A');
INSERT INTO class VALUES('16.04', 'BIO');
INSERT INTO class VALUES('16.50', 'A');
INSERT INTO class VALUES('16.57', 'A');
INSERT INTO class VALUES('22.48', 'K');
INSERT INTO class VALUES('23.15', 'K');
INSERT INTO class VALUES('61.50', 'K');
INSERT INTO class VALUES('61.50', 'KM');
INSERT INTO class VALUES('61.50', 'PQ');
INSERT INTO class VALUES('61.50', 'S');
INSERT INTO class VALUES('72.50', 'S');
INSERT INTO class VALUES('72.52', 'S');
INSERT INTO class VALUES('72.54', 'S');
INSERT INTO class VALUES('72.58', 'S');
INSERT INTO class VALUES('72.60', 'S');
INSERT INTO class VALUES('72.65', 'S');
INSERT INTO class VALUES('72.71', 'A');
INSERT INTO class VALUES('72.72', 'S');
INSERT INTO class VALUES('72.74', 'S');
INSERT INTO class VALUES('72.75', 'S');
INSERT INTO class VALUES('72.86', 'S');
INSERT INTO class VALUES('72.87', 'S');
INSERT INTO class VALUES('72.89', 'S');
INSERT INTO class VALUES('72.90', 'S');
INSERT INTO class VALUES('72.92', 'S');
INSERT INTO class VALUES('72.96', 'S');
INSERT INTO class VALUES('72.97', 'S');
INSERT INTO class VALUES('73.21', 'S');
INSERT INTO class VALUES('73.40', 'A');
INSERT INTO class VALUES('81.13', 'A');
INSERT INTO class VALUES('82.08', 'A');
INSERT INTO class VALUES('82.18', 'A');
INSERT INTO class VALUES('94.42', 'A');
INSERT INTO class VALUES('94.62', 'A');


INSERT INTO classLocTime (idSub, idClass, day, startTime, endTime, class, building, mode) VALUES('31.08', 'A', 2, '11:00', '14:00', '101T', 'SDT', 'Presencial');
INSERT INTO classLocTime (idSub, idClass, day, startTime, endTime, class, building, mode) VALUES('31.08', 'B', 2, '08:00', '11:00', '101T', 'SDT', 'Presencial');
INSERT INTO classLocTime (idSub, idClass, day, startTime, endTime, class, building, mode) VALUES('31.08', 'C', 3, '11:00', '14:00', '102T', 'SDT', 'Presencial');
INSERT INTO classLocTime (idSub, idClass, day, startTime, endTime, class, building, mode) VALUES('31.08', 'E', 4, '11:00', '14:00', '102T', 'SDT', 'Presencial');
INSERT INTO classLocTime (idSub, idClass, day, startTime, endTime, class, building, mode) VALUES('31.08', 'F', 4, '08:00', '11:00', '102T', 'SDT', 'Presencial');
INSERT INTO classLocTime (idSub, idClass, day, startTime, endTime, class, building, mode) VALUES('31.08', 'G', 2, '08:00', '11:00', '102T', 'SDT', 'Presencial');
INSERT INTO classLocTime (idSub, idClass, day, startTime, endTime, class, building, mode) VALUES('31.08', 'H', 3, '08:00', '11:00', '102T', 'SDT', 'Presencial');
INSERT INTO classLocTime (idSub, idClass, day, startTime, endTime, class, building, mode) VALUES('31.08', 'K', 4, '14:00', '17:00', '101T', 'SDT', 'Presencial');
INSERT INTO classLocTime (idSub, idClass, day, startTime, endTime, class, building, mode) VALUES('31.08', 'S', 3, '14:00', '17:00', '101T', 'SDT', 'Presencial');
INSERT INTO classLocTime (idSub, idClass, day, startTime, endTime, class, building, mode) VALUES('72.03', 'S', 1, '17:00', '20:00', '202R', 'SDR', 'Presencial');
INSERT INTO classLocTime (idSub, idClass, day, startTime, endTime, class, building, mode) VALUES('72.03', 'S1', 1, '17:00', '20:00', '203R', 'SDR', 'Presencial');
INSERT INTO classLocTime (idSub, idClass, day, startTime, endTime, class, building, mode) VALUES('93.26', 'A', 1, '11:00', '13:00', '004R', 'SDR', 'Presencial');
INSERT INTO classLocTime (idSub, idClass, day, startTime, endTime, class, building, mode) VALUES('93.26', 'A', 3, '10:00', '12:00', '003R', 'SDR', 'Presencial');
INSERT INTO classLocTime (idSub, idClass, day, startTime, endTime, class, building, mode) VALUES('93.26', 'A', 5, '11:00', '13:00', '004R', 'SDR', 'Presencial');
INSERT INTO classLocTime (idSub, idClass, day, startTime, endTime, class, building, mode) VALUES('93.26', 'B', 1, '09:00', '11:00', '104R', 'SDR', 'Presencial');
INSERT INTO classLocTime (idSub, idClass, day, startTime, endTime, class, building, mode) VALUES('93.26', 'B', 3, '08:00', '10:00', '101T', 'SDT', 'Presencial');
INSERT INTO classLocTime (idSub, idClass, day, startTime, endTime, class, building, mode) VALUES('93.26', 'B', 5, '13:00', '15:00', '101R', 'SDR', 'Presencial');
INSERT INTO classLocTime (idSub, idClass, day, startTime, endTime, class, building, mode) VALUES('93.26', 'C', 1, '10:00', '12:00', '201R', 'SDR', 'Presencial');
INSERT INTO classLocTime (idSub, idClass, day, startTime, endTime, class, building, mode) VALUES('93.26', 'C', 3, '08:00', '10:00', '202R', 'SDR', 'Presencial');
INSERT INTO classLocTime (idSub, idClass, day, startTime, endTime, class, building, mode) VALUES('93.26', 'C', 5, '08:00', '10:00', '005R', 'SDR', 'Presencial');
INSERT INTO classLocTime (idSub, idClass, day, startTime, endTime, class, building, mode) VALUES('93.26', 'D', 1, '08:00', '10:00', '003R', 'SDR', 'Presencial');
INSERT INTO classLocTime (idSub, idClass, day, startTime, endTime, class, building, mode) VALUES('93.26', 'D', 3, '08:00', '10:00', '003R', 'SDR', 'Presencial');
INSERT INTO classLocTime (idSub, idClass, day, startTime, endTime, class, building, mode) VALUES('93.26', 'D', 5, '12:00', '14:00', '201R', 'SDR', 'Presencial');
INSERT INTO classLocTime (idSub, idClass, day, startTime, endTime, class, building, mode) VALUES('93.26', 'E', 1, '12:00', '14:00', '202R', 'SDR', 'Presencial');
INSERT INTO classLocTime (idSub, idClass, day, startTime, endTime, class, building, mode) VALUES('93.26', 'E', 3, '10:00', '12:00', '101R', 'SDR', 'Presencial');
INSERT INTO classLocTime (idSub, idClass, day, startTime, endTime, class, building, mode) VALUES('93.26', 'E', 5, '10:00', '12:00', '103R', 'SDR', 'Presencial');
INSERT INTO classLocTime (idSub, idClass, day, startTime, endTime, class, building, mode) VALUES('93.26', 'F', 1, '14:00', '16:00', '003R', 'SDR', 'Presencial');
INSERT INTO classLocTime (idSub, idClass, day, startTime, endTime, class, building, mode) VALUES('93.26', 'F', 3, '10:00', '12:00', '004R', 'SDR', 'Presencial');
INSERT INTO classLocTime (idSub, idClass, day, startTime, endTime, class, building, mode) VALUES('93.26', 'F', 5, '08:00', '10:00', '103R', 'SDR', 'Presencial');
INSERT INTO classLocTime (idSub, idClass, day, startTime, endTime, class, building, mode) VALUES('93.26', 'G', 1, '14:00', '16:00', '104R', 'SDR', 'Presencial');
INSERT INTO classLocTime (idSub, idClass, day, startTime, endTime, class, building, mode) VALUES('93.26', 'G', 3, '12:00', '14:00', '003R', 'SDR', 'Presencial');
INSERT INTO classLocTime (idSub, idClass, day, startTime, endTime, class, building, mode) VALUES('93.26', 'G', 5, '12:00', '14:00', '003R', 'SDR', 'Presencial');
INSERT INTO classLocTime (idSub, idClass, day, startTime, endTime, class, building, mode) VALUES('93.26', 'H', 2, '08:00', '10:00', '101R', 'SDR', 'Presencial');
INSERT INTO classLocTime (idSub, idClass, day, startTime, endTime, class, building, mode) VALUES('93.26', 'H', 4, '09:00', '11:00', '104R', 'SDR', 'Presencial');
INSERT INTO classLocTime (idSub, idClass, day, startTime, endTime, class, building, mode) VALUES('93.26', 'H', 5, '08:00', '10:00', '001R', 'SDR', 'Presencial');
INSERT INTO classLocTime (idSub, idClass, day, startTime, endTime, class, building, mode) VALUES('93.58', 'A', 2, '09:00', '11:00', '003R', 'SDR', 'Presencial');
INSERT INTO classLocTime (idSub, idClass, day, startTime, endTime, class, building, mode) VALUES('93.58', 'A', 2, '11:00', '13:00', '003R', 'SDR', 'Presencial');
INSERT INTO classLocTime (idSub, idClass, day, startTime, endTime, class, building, mode) VALUES('93.58', 'A', 4, '11:00', '14:00', '003R', 'SDR', 'Presencial');
INSERT INTO classLocTime (idSub, idClass, day, startTime, endTime, class, building, mode) VALUES('93.58', 'A', 5, '14:00', '16:00', '003R', 'SDR', 'Presencial');
INSERT INTO classLocTime (idSub, idClass, day, startTime, endTime, class, building, mode) VALUES('93.58', 'B', 2, '11:00', '13:00', '002R', 'SDR', 'Presencial');
INSERT INTO classLocTime (idSub, idClass, day, startTime, endTime, class, building, mode) VALUES('93.58', 'B', 2, '13:00', '15:00', '002R', 'SDR', 'Presencial');
INSERT INTO classLocTime (idSub, idClass, day, startTime, endTime, class, building, mode) VALUES('93.58', 'B', 4, '11:00', '14:00', '002R', 'SDR', 'Presencial');
INSERT INTO classLocTime (idSub, idClass, day, startTime, endTime, class, building, mode) VALUES('93.58', 'B', 5, '12:00', '14:00', '002R', 'SDR', 'Presencial');
INSERT INTO classLocTime (idSub, idClass, day, startTime, endTime, class, building, mode) VALUES('93.58', 'C', 1, '11:00', '13:00', '007R', 'SDR', 'Presencial');
INSERT INTO classLocTime (idSub, idClass, day, startTime, endTime, class, building, mode) VALUES('93.58', 'C', 4, '14:00', '16:00', '007R', 'SDR', 'Presencial');
INSERT INTO classLocTime (idSub, idClass, day, startTime, endTime, class, building, mode) VALUES('93.58', 'C', 5, '11:00', '13:00', '007R', 'SDR', 'Presencial');
INSERT INTO classLocTime (idSub, idClass, day, startTime, endTime, class, building, mode) VALUES('93.58', 'C', 5, '14:00', '17:00', '202R', 'SDR', 'Presencial');
INSERT INTO classLocTime (idSub, idClass, day, startTime, endTime, class, building, mode) VALUES('94.24', 'A', 1, '14:00', '17:00', '202R', 'SDR', 'Presencial');
INSERT INTO classLocTime (idSub, idClass, day, startTime, endTime, class, building, mode) VALUES('94.24', 'C', 3, '14:00', '17:00', '002R', 'SDR', 'Presencial');
INSERT INTO classLocTime (idSub, idClass, day, startTime, endTime, class, building, mode) VALUES('94.24', 'DF', 3, '11:00', '14:00', '202R', 'SDR', 'Presencial');
INSERT INTO classLocTime (idSub, idClass, day, startTime, endTime, class, building, mode) VALUES('72.31', 'S', 1, '08:30', '10:00', 'Virtual', 'Virtual', 'Virtual');
INSERT INTO classLocTime (idSub, idClass, day, startTime, endTime, class, building, mode) VALUES('72.31', 'S', 2, '18:00', '20:00', 'Virtual', 'Virtual', 'Virtual');
INSERT INTO classLocTime (idSub, idClass, day, startTime, endTime, class, building, mode) VALUES('72.31', 'S', 3, '08:30', '10:00', 'Virtual', 'Virtual', 'Virtual');
INSERT INTO classLocTime (idSub, idClass, day, startTime, endTime, class, building, mode) VALUES('72.31', 'S', 5, '14:00', '18:00', '006R', 'SDR', 'Presencial');
INSERT INTO classLocTime (idSub, idClass, day, startTime, endTime, class, building, mode) VALUES('72.31', 'S', 5, '14:00', '18:00', '007R', 'SDR', 'Presencial');
INSERT INTO classLocTime (idSub, idClass, day, startTime, endTime, class, building, mode) VALUES('93.28', 'A', 1, '12:00', '14:00', '101T', 'SDT', 'Presencial');
INSERT INTO classLocTime (idSub, idClass, day, startTime, endTime, class, building, mode) VALUES('93.28', 'A', 1, '12:00', '14:00', '102T', 'SDT', 'Presencial');
INSERT INTO classLocTime (idSub, idClass, day, startTime, endTime, class, building, mode) VALUES('93.28', 'A', 2, '13:00', '15:00', '201T', 'SDT', 'Presencial');
INSERT INTO classLocTime (idSub, idClass, day, startTime, endTime, class, building, mode) VALUES('93.28', 'A', 4, '12:00', '14:00', '003T', 'SDT', 'Presencial');
INSERT INTO classLocTime (idSub, idClass, day, startTime, endTime, class, building, mode) VALUES('93.28', 'A', 4, '12:00', '14:00', '004T', 'SDT', 'Presencial');
INSERT INTO classLocTime (idSub, idClass, day, startTime, endTime, class, building, mode) VALUES('93.28', 'B', 1, '12:00', '14:00', '102R', 'SDR', 'Presencial');
INSERT INTO classLocTime (idSub, idClass, day, startTime, endTime, class, building, mode) VALUES('93.28', 'B', 2, '13:00', '15:00', '004R', 'SDR', 'Presencial');
INSERT INTO classLocTime (idSub, idClass, day, startTime, endTime, class, building, mode) VALUES('93.28', 'B', 4, '15:00', '17:00', '104R', 'SDR', 'Presencial');
INSERT INTO classLocTime (idSub, idClass, day, startTime, endTime, class, building, mode) VALUES('93.41', 'A', 1, '14:00', '16:00', 'LT104 Lab Física III', 'SDT', 'Laboratorio');
INSERT INTO classLocTime (idSub, idClass, day, startTime, endTime, class, building, mode) VALUES('93.41', 'A', 2, '08:00', '10:00', 'Virtual', 'Virtual', 'Virtual');
INSERT INTO classLocTime (idSub, idClass, day, startTime, endTime, class, building, mode) VALUES('93.41', 'A', 3, '10:00', '12:00', 'LT104 Lab Física III', 'SDT', 'Laboratorio');
INSERT INTO classLocTime (idSub, idClass, day, startTime, endTime, class, building, mode) VALUES('93.41', 'B', 1, '09:00', '11:00', 'LT103 Lab Física II', 'SDT', 'Laboratorio');
INSERT INTO classLocTime (idSub, idClass, day, startTime, endTime, class, building, mode) VALUES('93.41', 'B', 2, '08:00', '10:00', 'Virtual', 'Virtual', 'Virtual');
INSERT INTO classLocTime (idSub, idClass, day, startTime, endTime, class, building, mode) VALUES('93.41', 'B', 4, '12:00', '14:00', 'LT103 Lab Física II', 'SDT', 'Laboratorio');
INSERT INTO classLocTime (idSub, idClass, day, startTime, endTime, class, building, mode) VALUES('93.41', 'C', 1, '14:00', '16:00', 'LT105 Lab Física I', 'SDT', 'Laboratorio');
INSERT INTO classLocTime (idSub, idClass, day, startTime, endTime, class, building, mode) VALUES('93.41', 'C', 4, '09:00', '11:00', 'Virtual', 'Virtual', 'Virtual');
INSERT INTO classLocTime (idSub, idClass, day, startTime, endTime, class, building, mode) VALUES('93.41', 'C', 5, '10:00', '12:00', 'LT105 Lab Física I', 'SDT', 'Laboratorio');
INSERT INTO classLocTime (idSub, idClass, day, startTime, endTime, class, building, mode) VALUES('93.41', 'D', 2, '16:00', '18:00', 'Virtual', 'Virtual', 'Virtual');
INSERT INTO classLocTime (idSub, idClass, day, startTime, endTime, class, building, mode) VALUES('93.41', 'D', 3, '14:00', '16:00', 'LT105 Lab Física I', 'SDT', 'Laboratorio');
INSERT INTO classLocTime (idSub, idClass, day, startTime, endTime, class, building, mode) VALUES('93.41', 'D', 4, '10:00', '12:00', 'LT105 Lab Física I', 'SDT', 'Laboratorio');
INSERT INTO classLocTime (idSub, idClass, day, startTime, endTime, class, building, mode) VALUES('93.41', 'E', 2, '13:00', '15:00', 'Virtual', 'Virtual', 'Virtual');
INSERT INTO classLocTime (idSub, idClass, day, startTime, endTime, class, building, mode) VALUES('93.41', 'E', 3, '08:00', '10:00', 'LT104 Lab Física III', 'SDT', 'Laboratorio');
INSERT INTO classLocTime (idSub, idClass, day, startTime, endTime, class, building, mode) VALUES('93.41', 'E', 5, '08:00', '10:00', 'LT104 Lab Física III', 'SDT', 'Laboratorio');
INSERT INTO classLocTime (idSub, idClass, day, startTime, endTime, class, building, mode) VALUES('93.41', 'F', 1, '14:00', '16:00', 'LT103 Lab Física II', 'SDT', 'Laboratorio');
INSERT INTO classLocTime (idSub, idClass, day, startTime, endTime, class, building, mode) VALUES('93.41', 'F', 3, '15:00', '17:00', 'Virtual', 'Virtual', 'Virtual');
INSERT INTO classLocTime (idSub, idClass, day, startTime, endTime, class, building, mode) VALUES('93.41', 'F', 5, '16:00', '18:00', 'LT103 Lab Física II', 'SDT', 'Laboratorio');
INSERT INTO classLocTime (idSub, idClass, day, startTime, endTime, class, building, mode) VALUES('93.41', 'G', 2, '12:00', '14:00', 'LT103 Lab Física II', 'SDT', 'Laboratorio');
INSERT INTO classLocTime (idSub, idClass, day, startTime, endTime, class, building, mode) VALUES('93.41', 'G', 3, '15:00', '17:00', 'Virtual', 'Virtual', 'Virtual');
INSERT INTO classLocTime (idSub, idClass, day, startTime, endTime, class, building, mode) VALUES('93.41', 'G', 4, '14:00', '16:00', 'LT103 Lab Física II', 'SDT', 'Laboratorio');
INSERT INTO classLocTime (idSub, idClass, day, startTime, endTime, class, building, mode) VALUES('93.41', 'H', 1, '11:00', '13:00', 'LT105 Lab Física I', 'SDT', 'Laboratorio');
INSERT INTO classLocTime (idSub, idClass, day, startTime, endTime, class, building, mode) VALUES('93.41', 'H', 2, '13:00', '15:00', 'Virtual', 'Virtual', 'Virtual');
INSERT INTO classLocTime (idSub, idClass, day, startTime, endTime, class, building, mode) VALUES('93.41', 'H', 3, '12:00', '14:00', 'LT105 Lab Física I', 'SDT', 'Laboratorio');
INSERT INTO classLocTime (idSub, idClass, day, startTime, endTime, class, building, mode) VALUES('93.41', 'K', 1, '15:00', '17:00', 'Virtual', 'Virtual', 'Virtual');
INSERT INTO classLocTime (idSub, idClass, day, startTime, endTime, class, building, mode) VALUES('93.41', 'K', 2, '14:00', '16:00', 'LT104 Lab Física III', 'SDT', 'Laboratorio');
INSERT INTO classLocTime (idSub, idClass, day, startTime, endTime, class, building, mode) VALUES('93.41', 'K', 5, '12:00', '14:00', 'LT104 Lab Física III', 'SDT', 'Laboratorio');
INSERT INTO classLocTime (idSub, idClass, day, startTime, endTime, class, building, mode) VALUES('93.41', 'S', 1, '16:00', '18:00', 'LT103 Lab Física II', 'SDT', 'Laboratorio');
INSERT INTO classLocTime (idSub, idClass, day, startTime, endTime, class, building, mode) VALUES('93.41', 'S', 2, '16:00', '18:00', 'Virtual', 'Virtual', 'Virtual');
INSERT INTO classLocTime (idSub, idClass, day, startTime, endTime, class, building, mode) VALUES('93.41', 'S', 3, '16:00', '18:00', 'LT103 Lab Física II', 'SDT', 'Laboratorio');
INSERT INTO classLocTime (idSub, idClass, day, startTime, endTime, class, building, mode) VALUES('93.41', 'S1', 1, '16:00', '18:00', 'LT105 Lab Física I', 'SDT', 'Laboratorio');
INSERT INTO classLocTime (idSub, idClass, day, startTime, endTime, class, building, mode) VALUES('93.41', 'S1', 2, '16:00', '18:00', 'Virtual', 'Virtual', 'Virtual');
INSERT INTO classLocTime (idSub, idClass, day, startTime, endTime, class, building, mode) VALUES('93.41', 'S1', 3, '16:00', '18:00', 'LT105 Lab Física I', 'SDT', 'Laboratorio');
INSERT INTO classLocTime (idSub, idClass, day, startTime, endTime, class, building, mode) VALUES('93.59', 'A', 4, '08:00', '11:00', 'Virtual', 'Virtual', 'Virtual');
INSERT INTO classLocTime (idSub, idClass, day, startTime, endTime, class, building, mode) VALUES('93.59', 'A', 5, '11:00', '14:00', '203R', 'SDR', 'Presencial');
INSERT INTO classLocTime (idSub, idClass, day, startTime, endTime, class, building, mode) VALUES('93.59', 'B', 4, '08:00', '11:00', 'Virtual', 'Virtual', 'Virtual');
INSERT INTO classLocTime (idSub, idClass, day, startTime, endTime, class, building, mode) VALUES('93.59', 'B', 5, '11:00', '14:00', '202R', 'SDR', 'Presencial');
INSERT INTO classLocTime (idSub, idClass, day, startTime, endTime, class, building, mode) VALUES('12.09', 'S', 5, '08:00', '11:00', '002R', 'SDR', 'Presencial');
INSERT INTO classLocTime (idSub, idClass, day, startTime, endTime, class, building, mode) VALUES('12.09', 'S2', 5, '08:00', '11:00', '007R', 'SDR', 'Presencial');
INSERT INTO classLocTime (idSub, idClass, day, startTime, endTime, class, building, mode) VALUES('72.32', 'S', 3, '08:00', '11:00', '201R', 'SDR', 'Presencial');
INSERT INTO classLocTime (idSub, idClass, day, startTime, endTime, class, building, mode) VALUES('72.33', 'S', 3, '14:00', '17:00', '003R', 'SDR', 'Presencial');
INSERT INTO classLocTime (idSub, idClass, day, startTime, endTime, class, building, mode) VALUES('72.33', 'S', 4, '18:00', '21:00', '003R', 'SDR', 'Presencial');
INSERT INTO classLocTime (idSub, idClass, day, startTime, endTime, class, building, mode) VALUES('93.35', 'A', 1, '11:00', '13:00', '003T', 'SDT', 'Presencial');
INSERT INTO classLocTime (idSub, idClass, day, startTime, endTime, class, building, mode) VALUES('93.35', 'A', 1, '11:00', '13:00', '004T', 'SDT', 'Presencial');
INSERT INTO classLocTime (idSub, idClass, day, startTime, endTime, class, building, mode) VALUES('93.35', 'A', 2, '09:00', '11:00', '103R', 'SDR', 'Presencial');
INSERT INTO classLocTime (idSub, idClass, day, startTime, endTime, class, building, mode) VALUES('93.35', 'A', 2, '14:00', '16:00', '101R', 'SDR', 'Presencial');
INSERT INTO classLocTime (idSub, idClass, day, startTime, endTime, class, building, mode) VALUES('93.35', 'B', 1, '18:00', '20:00', '003R', 'SDR', 'Presencial');
INSERT INTO classLocTime (idSub, idClass, day, startTime, endTime, class, building, mode) VALUES('93.35', 'B', 2, '09:00', '11:00', '004R', 'SDR', 'Presencial');
INSERT INTO classLocTime (idSub, idClass, day, startTime, endTime, class, building, mode) VALUES('93.35', 'B', 2, '14:00', '16:00', '007R', 'SDR', 'Presencial');
INSERT INTO classLocTime (idSub, idClass, day, startTime, endTime, class, building, mode) VALUES('93.42', 'A', 1, '11:00', '13:00', '006R', 'SDR', 'Presencial');
INSERT INTO classLocTime (idSub, idClass, day, startTime, endTime, class, building, mode) VALUES('93.42', 'A', 2, '08:00', '10:00', 'LT105 Lab Física I', 'SDT', 'Laboratorio');
INSERT INTO classLocTime (idSub, idClass, day, startTime, endTime, class, building, mode) VALUES('93.42', 'A', 3, '14:00', '16:00', 'Virtual', 'Virtual', 'Virtual');
INSERT INTO classLocTime (idSub, idClass, day, startTime, endTime, class, building, mode) VALUES('93.42', 'B', 1, '08:00', '10:00', '202R', 'SDR', 'Presencial');
INSERT INTO classLocTime (idSub, idClass, day, startTime, endTime, class, building, mode) VALUES('93.42', 'B', 2, '14:00', '16:00', 'LT104 Lab Física III', 'SDT', 'Laboratorio');
INSERT INTO classLocTime (idSub, idClass, day, startTime, endTime, class, building, mode) VALUES('93.42', 'B', 3, '11:00', '13:00', 'Virtual', 'Virtual', 'Virtual');
INSERT INTO classLocTime (idSub, idClass, day, startTime, endTime, class, building, mode) VALUES('93.42', 'C', 1, '10:00', '12:00', '202R', 'SDR', 'Presencial');
INSERT INTO classLocTime (idSub, idClass, day, startTime, endTime, class, building, mode) VALUES('93.42', 'C', 3, '11:00', '13:00', 'Virtual', 'Virtual', 'Virtual');
INSERT INTO classLocTime (idSub, idClass, day, startTime, endTime, class, building, mode) VALUES('93.42', 'C', 4, '10:00', '12:00', 'LT103 Lab Física II', 'SDT', 'Laboratorio');
INSERT INTO classLocTime (idSub, idClass, day, startTime, endTime, class, building, mode) VALUES('93.42', 'D', 1, '14:00', '16:00', '101T', 'SDT', 'Presencial');
INSERT INTO classLocTime (idSub, idClass, day, startTime, endTime, class, building, mode) VALUES('93.42', 'D', 1, '14:00', '16:00', '102T', 'SDT', 'Presencial');
INSERT INTO classLocTime (idSub, idClass, day, startTime, endTime, class, building, mode) VALUES('93.42', 'D', 2, '14:00', '16:00', 'Virtual', 'Virtual', 'Virtual');
INSERT INTO classLocTime (idSub, idClass, day, startTime, endTime, class, building, mode) VALUES('93.42', 'D', 4, '08:00', '10:00', 'LT103 Lab Física II', 'SDT', 'Laboratorio');
INSERT INTO classLocTime (idSub, idClass, day, startTime, endTime, class, building, mode) VALUES('93.42', 'E', 1, '08:00', '10:00', '004R', 'SDR', 'Presencial');
INSERT INTO classLocTime (idSub, idClass, day, startTime, endTime, class, building, mode) VALUES('93.42', 'E', 2, '08:00', '10:00', 'Virtual', 'Virtual', 'Virtual');
INSERT INTO classLocTime (idSub, idClass, day, startTime, endTime, class, building, mode) VALUES('93.42', 'E', 2, '16:00', '18:00', 'LT104 Lab Física III', 'SDT', 'Laboratorio');
INSERT INTO classLocTime (idSub, idClass, day, startTime, endTime, class, building, mode) VALUES('93.42', 'K', 1, '08:00', '10:00', 'Virtual', 'Virtual', 'Virtual');
INSERT INTO classLocTime (idSub, idClass, day, startTime, endTime, class, building, mode) VALUES('93.42', 'K', 1, '12:00', '14:00', '003R', 'SDR', 'Presencial');
INSERT INTO classLocTime (idSub, idClass, day, startTime, endTime, class, building, mode) VALUES('93.42', 'K', 2, '12:00', '14:00', 'LT105 Lab Física I', 'SDT', 'Laboratorio');
INSERT INTO classLocTime (idSub, idClass, day, startTime, endTime, class, building, mode) VALUES('93.42', 'MN', 2, '10:00', '12:00', 'LT104 Lab Física III', 'SDT', 'Laboratorio');
INSERT INTO classLocTime (idSub, idClass, day, startTime, endTime, class, building, mode) VALUES('93.42', 'MN', 3, '08:00', '10:00', 'Virtual', 'Virtual', 'Virtual');
INSERT INTO classLocTime (idSub, idClass, day, startTime, endTime, class, building, mode) VALUES('93.42', 'MN', 4, '14:00', '16:00', '004R', 'SDR', 'Presencial');
INSERT INTO classLocTime (idSub, idClass, day, startTime, endTime, class, building, mode) VALUES('93.42', 'S', 1, '08:00', '10:00', 'Virtual', 'Virtual', 'Virtual');
INSERT INTO classLocTime (idSub, idClass, day, startTime, endTime, class, building, mode) VALUES('93.42', 'S', 4, '10:00', '12:00', '103R', 'SDR', 'Presencial');
INSERT INTO classLocTime (idSub, idClass, day, startTime, endTime, class, building, mode) VALUES('93.42', 'S', 4, '12:00', '14:00', 'LT105 Lab Física I', 'SDT', 'Laboratorio');
INSERT INTO classLocTime (idSub, idClass, day, startTime, endTime, class, building, mode) VALUES('72.08', 'S', 1, '16:00', '19:00', '001R', 'SDR', 'Presencial');
INSERT INTO classLocTime (idSub, idClass, day, startTime, endTime, class, building, mode) VALUES('72.08', 'S', 3, '16:00', '19:00', '103R', 'SDR', 'Presencial');
INSERT INTO classLocTime (idSub, idClass, day, startTime, endTime, class, building, mode) VALUES('72.34', 'S', 1, '08:00', '11:00', '201T', 'SDT', 'Presencial');
INSERT INTO classLocTime (idSub, idClass, day, startTime, endTime, class, building, mode) VALUES('72.34', 'S', 3, '08:00', '11:00', '201T', 'SDT', 'Presencial');
INSERT INTO classLocTime (idSub, idClass, day, startTime, endTime, class, building, mode) VALUES('93.24', 'A', 1, '11:00', '13:00', 'Virtual', 'Virtual', 'Virtual');
INSERT INTO classLocTime (idSub, idClass, day, startTime, endTime, class, building, mode) VALUES('93.24', 'A', 2, '11:00', '13:00', 'Virtual', 'Virtual', 'Virtual');
INSERT INTO classLocTime (idSub, idClass, day, startTime, endTime, class, building, mode) VALUES('93.24', 'A', 4, '11:00', '13:00', 'Virtual', 'Virtual', 'Virtual');
INSERT INTO classLocTime (idSub, idClass, day, startTime, endTime, class, building, mode) VALUES('93.24', 'B', 1, '11:00', '13:00', 'Virtual', 'Virtual', 'Virtual');
INSERT INTO classLocTime (idSub, idClass, day, startTime, endTime, class, building, mode) VALUES('93.24', 'B', 2, '11:00', '13:00', 'Virtual', 'Virtual', 'Virtual');
INSERT INTO classLocTime (idSub, idClass, day, startTime, endTime, class, building, mode) VALUES('93.24', 'B', 4, '11:00', '13:00', 'Virtual', 'Virtual', 'Virtual');
INSERT INTO classLocTime (idSub, idClass, day, startTime, endTime, class, building, mode) VALUES('93.43', 'A', 2, '15:00', '17:00', 'Virtual', 'Virtual', 'Virtual');
INSERT INTO classLocTime (idSub, idClass, day, startTime, endTime, class, building, mode) VALUES('93.43', 'A', 3, '14:00', '16:00', '006R', 'SDR', 'Presencial');
INSERT INTO classLocTime (idSub, idClass, day, startTime, endTime, class, building, mode) VALUES('93.43', 'A', 4, '16:00', '18:00', 'Laboratorio', 'Laboratorio', 'Laboratorio');
INSERT INTO classLocTime (idSub, idClass, day, startTime, endTime, class, building, mode) VALUES('93.43', 'B', 3, '10:00', '12:00', 'Laboratorio', 'Laboratorio', 'Laboratorio');
INSERT INTO classLocTime (idSub, idClass, day, startTime, endTime, class, building, mode) VALUES('93.43', 'B', 4, '14:30', '16:30', '006R', 'SDR', 'Presencial');
INSERT INTO classLocTime (idSub, idClass, day, startTime, endTime, class, building, mode) VALUES('93.43', 'B', 5, '11:00', '13:00', 'Virtual', 'Virtual', 'Virtual');
INSERT INTO classLocTime (idSub, idClass, day, startTime, endTime, class, building, mode) VALUES('93.43', 'C', 2, '10:00', '12:00', 'Virtual', 'Virtual', 'Virtual');
INSERT INTO classLocTime (idSub, idClass, day, startTime, endTime, class, building, mode) VALUES('93.43', 'C', 3, '14:00', '16:00', 'Laboratorio', 'Laboratorio', 'Laboratorio');
INSERT INTO classLocTime (idSub, idClass, day, startTime, endTime, class, building, mode) VALUES('93.43', 'C', 4, '18:00', '20:00', '001R', 'SDR', 'Presencial');
INSERT INTO classLocTime (idSub, idClass, day, startTime, endTime, class, building, mode) VALUES('93.43', 'D', 3, '18:00', '20:00', 'Virtual', 'Virtual', 'Virtual');
INSERT INTO classLocTime (idSub, idClass, day, startTime, endTime, class, building, mode) VALUES('93.43', 'D', 4, '14:00', '16:00', 'Laboratorio', 'Laboratorio', 'Laboratorio');
INSERT INTO classLocTime (idSub, idClass, day, startTime, endTime, class, building, mode) VALUES('93.43', 'D', 4, '16:00', '18:00', '102R', 'SDR', 'Presencial');
INSERT INTO classLocTime (idSub, idClass, day, startTime, endTime, class, building, mode) VALUES('93.43', 'E', 4, '09:00', '11:00', 'Virtual', 'Virtual', 'Virtual');
INSERT INTO classLocTime (idSub, idClass, day, startTime, endTime, class, building, mode) VALUES('93.43', 'E', 4, '16:00', '18:00', '103R', 'SDR', 'Presencial');
INSERT INTO classLocTime (idSub, idClass, day, startTime, endTime, class, building, mode) VALUES('93.43', 'E', 5, '12:00', '14:00', 'Laboratorio', 'Laboratorio', 'Laboratorio');
INSERT INTO classLocTime (idSub, idClass, day, startTime, endTime, class, building, mode) VALUES('93.43', 'MNP', 1, '09:00', '11:00', 'Virtual', 'Virtual', 'Virtual');
INSERT INTO classLocTime (idSub, idClass, day, startTime, endTime, class, building, mode) VALUES('93.43', 'MNP', 4, '18:00', '20:00', '101T', 'SDT', 'Presencial');
INSERT INTO classLocTime (idSub, idClass, day, startTime, endTime, class, building, mode) VALUES('93.43', 'MNP', 5, '16:00', '18:00', 'Laboratorio', 'Laboratorio', 'Laboratorio');
INSERT INTO classLocTime (idSub, idClass, day, startTime, endTime, class, building, mode) VALUES('93.43', 'Q', 3, '12:00', '14:00', 'Laboratorio', 'Laboratorio', 'Laboratorio');
INSERT INTO classLocTime (idSub, idClass, day, startTime, endTime, class, building, mode) VALUES('93.43', 'Q', 3, '18:00', '20:00', 'Virtual', 'Virtual', 'Virtual');
INSERT INTO classLocTime (idSub, idClass, day, startTime, endTime, class, building, mode) VALUES('93.43', 'Q', 5, '14:00', '16:00', '001R', 'SDR', 'Presencial');
INSERT INTO classLocTime (idSub, idClass, day, startTime, endTime, class, building, mode) VALUES('93.43', 'S', 4, '14:00', '16:00', 'Virtual', 'Virtual', 'Virtual');
INSERT INTO classLocTime (idSub, idClass, day, startTime, endTime, class, building, mode) VALUES('93.43', 'S', 5, '14:00', '16:00', 'Laboratorio', 'Laboratorio', 'Laboratorio');
INSERT INTO classLocTime (idSub, idClass, day, startTime, endTime, class, building, mode) VALUES('93.43', 'S', 5, '16:00', '18:00', '005R', 'SDR', 'Presencial');
INSERT INTO classLocTime (idSub, idClass, day, startTime, endTime, class, building, mode) VALUES('72.11', 'S', 1, '16:00', '19:00', '002R', 'SDR', 'Presencial');
INSERT INTO classLocTime (idSub, idClass, day, startTime, endTime, class, building, mode) VALUES('72.11', 'S', 2, '18:00', '21:00', '002R', 'SDR', 'Presencial');
INSERT INTO classLocTime (idSub, idClass, day, startTime, endTime, class, building, mode) VALUES('72.35', 'S', 1, '13:00', '16:00', 'Virtual', 'Virtual', 'Virtual');
INSERT INTO classLocTime (idSub, idClass, day, startTime, endTime, class, building, mode) VALUES('72.35', 'S', 2, '08:00', '11:00', '202R', 'SDR', 'Presencial');
INSERT INTO classLocTime (idSub, idClass, day, startTime, endTime, class, building, mode) VALUES('72.35', 'S', 2, '08:00', '11:00', '203R', 'SDR', 'Presencial');
INSERT INTO classLocTime (idSub, idClass, day, startTime, endTime, class, building, mode) VALUES('72.36', 'S', 3, '18:30', '21:30', '101R', 'SDR', 'Presencial');
INSERT INTO classLocTime (idSub, idClass, day, startTime, endTime, class, building, mode) VALUES('72.36', 'S', 4, '18:30', '21:30', 'Virtual', 'Virtual', 'Virtual');
INSERT INTO classLocTime (idSub, idClass, day, startTime, endTime, class, building, mode) VALUES('72.37', 'S', 2, '14:00', '17:00', '203R', 'SDR', 'Presencial');
INSERT INTO classLocTime (idSub, idClass, day, startTime, endTime, class, building, mode) VALUES('72.37', 'S', 4, '09:00', '12:00', '006R', 'SDR', 'Presencial');
INSERT INTO classLocTime (idSub, idClass, day, startTime, endTime, class, building, mode) VALUES('72.07', 'S', 2, '16:00', '19:00', '006R', 'SDR', 'Presencial');
INSERT INTO classLocTime (idSub, idClass, day, startTime, endTime, class, building, mode) VALUES('72.07', 'S', 2, '16:00', '19:00', '007R', 'SDR', 'Presencial');
INSERT INTO classLocTime (idSub, idClass, day, startTime, endTime, class, building, mode) VALUES('72.07', 'S', 5, '16:00', '19:00', '102R', 'SDR', 'Presencial');
INSERT INTO classLocTime (idSub, idClass, day, startTime, endTime, class, building, mode) VALUES('72.07', 'S', 5, '16:00', '19:00', '103R', 'SDR', 'Presencial');
INSERT INTO classLocTime (idSub, idClass, day, startTime, endTime, class, building, mode) VALUES('72.38', 'S', 1, '19:00', '22:00', '901F', 'SDF', 'Presencial');
INSERT INTO classLocTime (idSub, idClass, day, startTime, endTime, class, building, mode) VALUES('72.38', 'S', 3, '19:00', '22:00', 'Virtual', 'Virtual', 'Virtual');
INSERT INTO classLocTime (idSub, idClass, day, startTime, endTime, class, building, mode) VALUES('72.39', 'S', 3, '15:00', '18:00', '201T', 'SDT', 'Presencial');
INSERT INTO classLocTime (idSub, idClass, day, startTime, endTime, class, building, mode) VALUES('72.39', 'S', 4, '15:00', '18:00', '201T', 'SDT', 'Presencial');
INSERT INTO classLocTime (idSub, idClass, day, startTime, endTime, class, building, mode) VALUES('93.07', 'A', 5, '09:00', '12:00', 'Virtual', 'Virtual', 'Virtual');
INSERT INTO classLocTime (idSub, idClass, day, startTime, endTime, class, building, mode) VALUES('93.07', 'B', 1, '08:00', '11:00', 'Virtual', 'Virtual', 'Virtual');
INSERT INTO classLocTime (idSub, idClass, day, startTime, endTime, class, building, mode) VALUES('93.07', 'C', 1, '14:00', '17:00', 'Virtual', 'Virtual', 'Virtual');
INSERT INTO classLocTime (idSub, idClass, day, startTime, endTime, class, building, mode) VALUES('93.07', 'D', 4, '17:00', '20:00', 'Virtual', 'Virtual', 'Virtual');
INSERT INTO classLocTime (idSub, idClass, day, startTime, endTime, class, building, mode) VALUES('94.21', 'A', 4, '11:00', '14:00', '202R', 'SDR', 'Presencial');
INSERT INTO classLocTime (idSub, idClass, day, startTime, endTime, class, building, mode) VALUES('94.21', 'BK', 3, '14:00', '17:00', '202R', 'SDR', 'Presencial');
INSERT INTO classLocTime (idSub, idClass, day, startTime, endTime, class, building, mode) VALUES('94.21', 'C', 4, '08:00', '11:00', '002R', 'SDR', 'Presencial');
INSERT INTO classLocTime (idSub, idClass, day, startTime, endTime, class, building, mode) VALUES('94.21', 'D', 1, '14:00', '17:00', '203R', 'SDR', 'Presencial');
INSERT INTO classLocTime (idSub, idClass, day, startTime, endTime, class, building, mode) VALUES('94.21', 'E', 5, '14:00', '17:00', '203R', 'SDR', 'Presencial');
INSERT INTO classLocTime (idSub, idClass, day, startTime, endTime, class, building, mode) VALUES('94.21', 'H', 4, '14:00', '17:00', '202R', 'SDR', 'Presencial');
INSERT INTO classLocTime (idSub, idClass, day, startTime, endTime, class, building, mode) VALUES('61.23', 'K', 4, '13:00', '16:00', '501F', 'SDF', 'Presencial');
INSERT INTO classLocTime (idSub, idClass, day, startTime, endTime, class, building, mode) VALUES('61.23', 'KM', 3, '19:00', '22:00', '603F', 'SDF', 'Presencial');
INSERT INTO classLocTime (idSub, idClass, day, startTime, endTime, class, building, mode) VALUES('61.23', 'PQ', 3, '19:00', '22:00', '604F', 'SDF', 'Presencial');
INSERT INTO classLocTime (idSub, idClass, day, startTime, endTime, class, building, mode) VALUES('61.23', 'S', 2, '11:00', '14:00', '801F', 'SDF', 'Presencial');
INSERT INTO classLocTime (idSub, idClass, day, startTime, endTime, class, building, mode) VALUES('61.32', 'KS', 2, '12:00', '15:00', '902F', 'SDF', 'Presencial');
INSERT INTO classLocTime (idSub, idClass, day, startTime, endTime, class, building, mode) VALUES('61.32', 'SK', 5, '16:00', '19:00', '604F', 'SDF', 'Presencial');
INSERT INTO classLocTime (idSub, idClass, day, startTime, endTime, class, building, mode) VALUES('72.41', 'S', 4, '19:00', '22:00', '501F', 'SDF', 'Presencial');
INSERT INTO classLocTime (idSub, idClass, day, startTime, endTime, class, building, mode) VALUES('72.41', 'S', 2, '15:00', '18:00', '401F', 'SDF', 'Presencial');
INSERT INTO classLocTime (idSub, idClass, day, startTime, endTime, class, building, mode) VALUES('72.41', 'S', 2, '18:30', '21:30', '401F', 'SDF', 'Presencial');
INSERT INTO classLocTime (idSub, idClass, day, startTime, endTime, class, building, mode) VALUES('72.42', 'S', 3, '18:00', '21:00', '400F', 'SDF', 'Presencial');
INSERT INTO classLocTime (idSub, idClass, day, startTime, endTime, class, building, mode) VALUES('93.75', 'A', 4, '13:00', '16:00', '701F', 'SDF', 'Presencial');
INSERT INTO classLocTime (idSub, idClass, day, startTime, endTime, class, building, mode) VALUES('93.75', 'A', 5, '14:00', '17:00', '501F', 'SDF', 'Presencial');
INSERT INTO classLocTime (idSub, idClass, day, startTime, endTime, class, building, mode) VALUES('72.25', 'S', 1, '10:00', '13:00', '601F', 'SDF', 'Presencial');
INSERT INTO classLocTime (idSub, idClass, day, startTime, endTime, class, building, mode) VALUES('72.25', 'S', 5, '10:00', '13:00', 'Virtual', 'Virtual', 'Virtual');
INSERT INTO classLocTime (idSub, idClass, day, startTime, endTime, class, building, mode) VALUES('72.27', 'S', 2, '09:00', '12:00', 'Virtual', 'Virtual', 'Virtual');
INSERT INTO classLocTime (idSub, idClass, day, startTime, endTime, class, building, mode) VALUES('72.27', 'S', 4, '08:00', '11:00', 'Virtual', 'Virtual', 'Virtual');
INSERT INTO classLocTime (idSub, idClass, day, startTime, endTime, class, building, mode) VALUES('72.43', 'S', 1, '18:00', '21:00', '801F', 'SDF', 'Presencial');
INSERT INTO classLocTime (idSub, idClass, day, startTime, endTime, class, building, mode) VALUES('72.44', 'S', 1, '15:00', '18:00', '301F', 'SDF', 'Presencial');
INSERT INTO classLocTime (idSub, idClass, day, startTime, endTime, class, building, mode) VALUES('72.44', 'S', 1, '15:00', '18:00', '302F', 'SDF', 'presencial');
INSERT INTO classLocTime (idSub, idClass, day, startTime, endTime, class, building, mode) VALUES('72.44', 'S', 4, '16:00', '19:00', 'Virtual', 'Virtual', 'Virtual');
INSERT INTO classLocTime (idSub, idClass, day, startTime, endTime, class, building, mode) VALUES('12.83', 'BIO', 1, '18:30', '21:30', '401F', 'SDF', 'Presencial');
INSERT INTO classLocTime (idSub, idClass, day, startTime, endTime, class, building, mode) VALUES('12.83', 'S', 4, '18:30', '21:30', '503F', 'SDF', 'Presencial');
INSERT INTO classLocTime (idSub, idClass, day, startTime, endTime, class, building, mode) VALUES('72.45', 'S', 6, '20:00', '21:00', 'Virtual', 'Virtual', 'Virtual');
INSERT INTO classLocTime (idSub, idClass, day, startTime, endTime, class, building, mode) VALUES('72.20', 'S', 2, '17:00', '20:00', '703F', 'SDF', 'Presencial');
INSERT INTO classLocTime (idSub, idClass, day, startTime, endTime, class, building, mode) VALUES('72.20', 'S', 4, '18:00', '21:00', '701F', 'SDF', 'Presencial');
INSERT INTO classLocTime (idSub, idClass, day, startTime, endTime, class, building, mode) VALUES('94.23', 'AB', 1, '18:00', '21:00', '703F', 'SDF', 'Presencial');
INSERT INTO classLocTime (idSub, idClass, day, startTime, endTime, class, building, mode) VALUES('94.23', 'C', 5, '16:00', '19:00', '701F', 'SDF', 'Presencial');
INSERT INTO classLocTime (idSub, idClass, day, startTime, endTime, class, building, mode) VALUES('94.23', 'KMP', 5, '16:00', '19:00', '601F', 'SDF', 'Presencial');

INSERT INTO classLocTime (idSub, idClass, day, startTime, endTime, class, building, mode) VALUES('10.09', 'A', 1, '15:00', '18:00', 'Híbrida', 'Híbrida', 'Híbrida');
INSERT INTO classLocTime (idSub, idClass, day, startTime, endTime, class, building, mode) VALUES('16.04', 'BIO', 4, '15:00', '18:00', '201R', 'SDR', 'Presencial');
INSERT INTO classLocTime (idSub, idClass, day, startTime, endTime, class, building, mode) VALUES('16.50', 'A', 3, '18:00', '21:00', 'Presencial','Presencial','Presencial');
INSERT INTO classLocTime (idSub, idClass, day, startTime, endTime, class, building, mode) VALUES('16.57', 'A', 2, '09:00', '12:00', '004T', 'SDT', 'Presencial');
INSERT INTO classLocTime (idSub, idClass, day, startTime, endTime, class, building, mode) VALUES('22.48', 'K', 3, '13:00', '16:00', 'Virtual', 'Virtual', 'Virtual');
INSERT INTO classLocTime (idSub, idClass, day, startTime, endTime, class, building, mode) VALUES('23.15', 'K', 5, '15:00', '18:00', 'Virtual', 'Virtual', 'Virtual');
INSERT INTO classLocTime (idSub, idClass, day, startTime, endTime, class, building, mode) VALUES('61.50', 'K', 4, '13:00', '16:00', '501F', 'SDF', 'Presencial');
INSERT INTO classLocTime (idSub, idClass, day, startTime, endTime, class, building, mode) VALUES('61.50', 'KM', 3, '19:00', '22:00', '603F', 'SDF', 'Presencial');
INSERT INTO classLocTime (idSub, idClass, day, startTime, endTime, class, building, mode) VALUES('61.50', 'PQ', 3, '19:00', '22:00', '604F', 'SDF', 'Presencial');
INSERT INTO classLocTime (idSub, idClass, day, startTime, endTime, class, building, mode) VALUES('61.50', 'S', 2, '11:00', '14:00', '801F', 'SDF', 'Presencial');
INSERT INTO classLocTime (idSub, idClass, day, startTime, endTime, class, building, mode) VALUES('72.50', 'S', 1, '19:00', '22:00', 'Virtual', 'Virtual', 'Virtual');
INSERT INTO classLocTime (idSub, idClass, day, startTime, endTime, class, building, mode) VALUES('72.50', 'S', 3, '19:00', '22:00', 'Virtual', 'Virtual', 'Virtual');
INSERT INTO classLocTime (idSub, idClass, day, startTime, endTime, class, building, mode) VALUES('72.52', 'S', 5, '10:00', '13:00', 'Presencial','Presencial','Presencial');
INSERT INTO classLocTime (idSub, idClass, day, startTime, endTime, class, building, mode) VALUES('72.54', 'S', 3, '14:00', '17:00', '002T', 'SDT', 'Presencial');
INSERT INTO classLocTime (idSub, idClass, day, startTime, endTime, class, building, mode) VALUES('72.58', 'S', 2, '08:00', '11:00', '400F', 'SDF', 'Presencial');
INSERT INTO classLocTime (idSub, idClass, day, startTime, endTime, class, building, mode) VALUES('72.60', 'S', 1, '18:00', '21:00', 'S011', 'SDR', 'Presencial');
INSERT INTO classLocTime (idSub, idClass, day, startTime, endTime, class, building, mode) VALUES('72.65', 'S', 4, '18:00', '21:00', 'Virtual', 'Virtual', 'Virtual');
INSERT INTO classLocTime (idSub, idClass, day, startTime, endTime, class, building, mode) VALUES('72.71', 'A', 2, '15:00', '18:00', '903F', 'SDF', 'Presencial');
INSERT INTO classLocTime (idSub, idClass, day, startTime, endTime, class, building, mode) VALUES('72.72', 'S', 5, '15:00', '18:00', '404F', 'SDF', 'Presencial');
INSERT INTO classLocTime (idSub, idClass, day, startTime, endTime, class, building, mode) VALUES('72.74', 'S', 1, '10:00', '13:00', '005R', 'SDR', 'Presencial');
INSERT INTO classLocTime (idSub, idClass, day, startTime, endTime, class, building, mode) VALUES('72.75', 'S', 3, '09:00', '12:00', '404F', 'SDF', 'Presencial');
INSERT INTO classLocTime (idSub, idClass, day, startTime, endTime, class, building, mode) VALUES('72.86', 'S', 4, '18:00', '21:00', 'Virtual', 'Virtual', 'Virtual');
INSERT INTO classLocTime (idSub, idClass, day, startTime, endTime, class, building, mode) VALUES('72.87', 'S', 2, '09:00', '12:00', '700F', 'SDF', 'Presencial');
INSERT INTO classLocTime (idSub, idClass, day, startTime, endTime, class, building, mode) VALUES('72.89', 'S', 2, '18:00', '21:00', 'Virtual', 'Virtual', 'Virtual');
INSERT INTO classLocTime (idSub, idClass, day, startTime, endTime, class, building, mode) VALUES('72.90', 'S', 2, '19:00', '22:00', '802F', 'SDF', 'Presencial');
INSERT INTO classLocTime (idSub, idClass, day, startTime, endTime, class, building, mode) VALUES('72.92', 'S', 3, '14:00', '17:00', 'Presencial', 'Presencial', 'Presencial');
INSERT INTO classLocTime (idSub, idClass, day, startTime, endTime, class, building, mode) VALUES('72.96', 'S', 3, '17:00', '20:00', 'Virtual', 'Virtual', 'Virtual');
INSERT INTO classLocTime (idSub, idClass, day, startTime, endTime, class, building, mode) VALUES('72.97', 'S', 5, '18:00', '21:00', 'Virtual', 'Virtual', 'Virtual');
INSERT INTO classLocTime (idSub, idClass, day, startTime, endTime, class, building, mode) VALUES('73.21', 'S', 3, '18:00', '21:00', '803F', 'SDF', 'Presencial');
INSERT INTO classLocTime (idSub, idClass, day, startTime, endTime, class, building, mode) VALUES('73.40', 'A', 1, '18:30', '21:30', '702F', 'SDF', 'Presencial');
INSERT INTO classLocTime (idSub, idClass, day, startTime, endTime, class, building, mode) VALUES('81.13', 'A', 5, '10:00', '13:00', '202F', 'SDF', 'Presencial');
INSERT INTO classLocTime (idSub, idClass, day, startTime, endTime, class, building, mode) VALUES('82.08', 'A', 3, '18:00', '21:00', 'Híbrida', 'Híbrida', 'Híbrida');
INSERT INTO classLocTime (idSub, idClass, day, startTime, endTime, class, building, mode) VALUES('82.18', 'A', 1, '08:00', '11:00', '802F', 'SDF', 'Presencial/Virtual');
INSERT INTO classLocTime (idSub, idClass, day, startTime, endTime, class, building, mode) VALUES('94.42', 'A', 2, '18:00', '21:00', '602F', 'SDF', 'Presencial');
INSERT INTO classLocTime (idSub, idClass, day, startTime, endTime, class, building, mode) VALUES('94.62', 'A', 2, '18:30', '21:30', '901F', 'SDF', 'Presencial');


INSERT INTO classProfessors  SELECT '31.08','A', professors.id FROM professors WHERE professors.profName ='Ducrey, Mariana';
INSERT INTO classProfessors  SELECT '31.08','A', professors.id FROM professors WHERE professors.profName ='Pfister, Patricia Sylvina';
INSERT INTO classProfessors  SELECT '31.08','A', professors.id FROM professors WHERE professors.profName ='Porcellana, Jorge Alberto';
INSERT INTO classProfessors  SELECT '31.08','B', professors.id FROM professors WHERE professors.profName ='Ducrey, Mariana';
INSERT INTO classProfessors  SELECT '31.08','B', professors.id FROM professors WHERE professors.profName ='Pfister, Patricia Sylvina';
INSERT INTO classProfessors  SELECT '31.08','C', professors.id FROM professors WHERE professors.profName ='Ducrey, Mariana';
INSERT INTO classProfessors  SELECT '31.08','C', professors.id FROM professors WHERE professors.profName ='Pfister, Patricia Sylvina';
INSERT INTO classProfessors  SELECT '31.08','E', professors.id FROM professors WHERE professors.profName ='Giménez, Analía Paula';
INSERT INTO classProfessors  SELECT '31.08','E', professors.id FROM professors WHERE professors.profName ='Porcellana, Jorge Alberto';
INSERT INTO classProfessors  SELECT '31.08','F', professors.id FROM professors WHERE professors.profName ='Giménez, Analía Paula';
INSERT INTO classProfessors  SELECT '31.08','F', professors.id FROM professors WHERE professors.profName ='De Piero, Maria Ines';
INSERT INTO classProfessors  SELECT '31.08','G', professors.id FROM professors WHERE professors.profName ='De Piero, Maria Ines';
INSERT INTO classProfessors  SELECT '31.08','G', professors.id FROM professors WHERE professors.profName ='Porcellana, Jorge Alberto';
INSERT INTO classProfessors  SELECT '31.08','H', professors.id FROM professors WHERE professors.profName ='Ducrey, Mariana';
INSERT INTO classProfessors  SELECT '31.08','H', professors.id FROM professors WHERE professors.profName ='Pfister, Patricia Sylvina';
INSERT INTO classProfessors  SELECT '31.08','K', professors.id FROM professors WHERE professors.profName ='Pfister, Patricia Sylvina';
INSERT INTO classProfessors  SELECT '31.08','K', professors.id FROM professors WHERE professors.profName ='Quiros, Dante Patricio';
INSERT INTO classProfessors  SELECT '31.08','S', professors.id FROM professors WHERE professors.profName ='Ducrey, Mariana';
INSERT INTO classProfessors  SELECT '31.08','S', professors.id FROM professors WHERE professors.profName ='Pfister, Patricia Sylvina';
INSERT INTO classProfessors  SELECT '72.03','S', professors.id FROM professors WHERE professors.profName ='Turrin, Marcelo Emiliano';
INSERT INTO classProfessors  SELECT '72.03','S', professors.id FROM professors WHERE professors.profName ='Buquete, Maria Alejandra';
INSERT INTO classProfessors  SELECT '72.03','S1', professors.id FROM professors WHERE professors.profName ='Turrin, Marcelo Emiliano';
INSERT INTO classProfessors  SELECT '72.03','S1', professors.id FROM professors WHERE professors.profName ='Buquete, Maria Alejandra';
INSERT INTO classProfessors  SELECT '93.26','A', professors.id FROM professors WHERE professors.profName ='Mancilla Aguilar, Jose Luis';
INSERT INTO classProfessors  SELECT '93.26','A', professors.id FROM professors WHERE professors.profName ='Fernández Sau, Mercedes';
INSERT INTO classProfessors  SELECT '93.26','B', professors.id FROM professors WHERE professors.profName ='Garcia Serrano, Silvina Aida';
INSERT INTO classProfessors  SELECT '93.26','B', professors.id FROM professors WHERE professors.profName ='Benítez, Oscar Matías';
INSERT INTO classProfessors  SELECT '93.26','C', professors.id FROM professors WHERE professors.profName ='Fraga, Claudia Elsa';
INSERT INTO classProfessors  SELECT '93.26','C', professors.id FROM professors WHERE professors.profName ='Florit, Patricia Teresa';
INSERT INTO classProfessors  SELECT '93.26','D', professors.id FROM professors WHERE professors.profName ='Benítez, Oscar Matías';
INSERT INTO classProfessors  SELECT '93.26','D', professors.id FROM professors WHERE professors.profName ='Florit, Patricia Teresa';
INSERT INTO classProfessors  SELECT '93.26','E', professors.id FROM professors WHERE professors.profName ='Francisco, Diego Hernán';
INSERT INTO classProfessors  SELECT '93.26','E', professors.id FROM professors WHERE professors.profName ='Florit, Patricia Teresa';
INSERT INTO classProfessors  SELECT '93.26','F', professors.id FROM professors WHERE professors.profName ='González Rodríguez, Rafael Ricardo';
INSERT INTO classProfessors  SELECT '93.26','F', professors.id FROM professors WHERE professors.profName ='Fraga, Claudia Elsa';
INSERT INTO classProfessors  SELECT '93.26','G', professors.id FROM professors WHERE professors.profName ='Francisco, Diego Hernán';
INSERT INTO classProfessors  SELECT '93.26','G', professors.id FROM professors WHERE professors.profName ='Pérez, Luciano Alejo';
INSERT INTO classProfessors  SELECT '93.26','H', professors.id FROM professors WHERE professors.profName ='González Rodríguez, Rafael Ricardo';
INSERT INTO classProfessors  SELECT '93.26','H', professors.id FROM professors WHERE professors.profName ='Fages, Luciano Rodolfo';
INSERT INTO classProfessors  SELECT '93.58','A', professors.id FROM professors WHERE professors.profName ='D´Alesio Souto, Sofía Nerina';
INSERT INTO classProfessors  SELECT '93.58','A', professors.id FROM professors WHERE professors.profName ='Epstein, Julián';
INSERT INTO classProfessors  SELECT '93.58','B', professors.id FROM professors WHERE professors.profName ='Noni, Maria Laura';
INSERT INTO classProfessors  SELECT '93.58','B', professors.id FROM professors WHERE professors.profName ='Fages, Luciano Rodolfo';
INSERT INTO classProfessors  SELECT '93.58','C', professors.id FROM professors WHERE professors.profName ='Oviedo, Martina Guadalupe';
INSERT INTO classProfessors  SELECT '93.58','C', professors.id FROM professors WHERE professors.profName ='Epstein, Julián';
INSERT INTO classProfessors  SELECT '94.24','A', professors.id FROM professors WHERE professors.profName ='Iwachow, María Alejandra';
INSERT INTO classProfessors  SELECT '94.24','A', professors.id FROM professors WHERE professors.profName ='Álvarez, Paola Marta';
INSERT INTO classProfessors  SELECT '94.24','A', professors.id FROM professors WHERE professors.profName ='Gayoso, Maria Celia';
INSERT INTO classProfessors  SELECT '94.24','A', professors.id FROM professors WHERE professors.profName ='Buzzi, Paula Veronica';
INSERT INTO classProfessors  SELECT '94.24','A', professors.id FROM professors WHERE professors.profName ='Manterola, Sergio Daniel';
INSERT INTO classProfessors  SELECT '94.24','A', professors.id FROM professors WHERE professors.profName ='Toranzo Calderón, Joaquín Santiago';
INSERT INTO classProfessors  SELECT '94.24','C', professors.id FROM professors WHERE professors.profName ='Iwachow, María Alejandra';
INSERT INTO classProfessors  SELECT '94.24','C', professors.id FROM professors WHERE professors.profName ='Álvarez, Paola Marta';
INSERT INTO classProfessors  SELECT '94.24','C', professors.id FROM professors WHERE professors.profName ='Gayoso, Maria Celia';
INSERT INTO classProfessors  SELECT '94.24','C', professors.id FROM professors WHERE professors.profName ='Buzzi, Paula Veronica';
INSERT INTO classProfessors  SELECT '94.24','C', professors.id FROM professors WHERE professors.profName ='Manterola, Sergio Daniel';
INSERT INTO classProfessors  SELECT '94.24','C', professors.id FROM professors WHERE professors.profName ='Toranzo Calderón, Joaquín Santiago';
INSERT INTO classProfessors  SELECT '94.24','DF', professors.id FROM professors WHERE professors.profName ='Iwachow, María Alejandra';
INSERT INTO classProfessors  SELECT '94.24','DF', professors.id FROM professors WHERE professors.profName ='Álvarez, Paola Marta';
INSERT INTO classProfessors  SELECT '94.24','DF', professors.id FROM professors WHERE professors.profName ='Gayoso, Maria Celia';
INSERT INTO classProfessors  SELECT '94.24','DF', professors.id FROM professors WHERE professors.profName ='Buzzi, Paula Veronica';
INSERT INTO classProfessors  SELECT '94.24','DF', professors.id FROM professors WHERE professors.profName ='Manterola, Sergio Daniel';
INSERT INTO classProfessors  SELECT '94.24','DF', professors.id FROM professors WHERE professors.profName ='Toranzo Calderón, Joaquín Santiago';
INSERT INTO classProfessors  SELECT '72.31','S', professors.id FROM professors WHERE professors.profName ='Garberoglio, Marcelo Fabio';
INSERT INTO classProfessors  SELECT '72.31','S', professors.id FROM professors WHERE professors.profName ='Meola, Franco Román';
INSERT INTO classProfessors  SELECT '72.31','S', professors.id FROM professors WHERE professors.profName ='Arias Roig, Ana Maria';
INSERT INTO classProfessors  SELECT '93.28','A', professors.id FROM professors WHERE professors.profName ='Marti, Maria Elisabeth';
INSERT INTO classProfessors  SELECT '93.28','A', professors.id FROM professors WHERE professors.profName ='Pérez, Luciano Alejo';
INSERT INTO classProfessors  SELECT '93.28','A', professors.id FROM professors WHERE professors.profName ='Venturiello, Verónica';
INSERT INTO classProfessors  SELECT '93.28','B', professors.id FROM professors WHERE professors.profName ='Boutet, Stella Maris';
INSERT INTO classProfessors  SELECT '93.28','B', professors.id FROM professors WHERE professors.profName ='Pérez, Luciano Alejo';
INSERT INTO classProfessors  SELECT '93.41','A', professors.id FROM professors WHERE professors.profName ='Lopez, Daniel Marcelo';
INSERT INTO classProfessors  SELECT '93.41','A', professors.id FROM professors WHERE professors.profName ='Vieytes, Roberto Eduardo';
INSERT INTO classProfessors  SELECT '93.41','B', professors.id FROM professors WHERE professors.profName ='Carnovale, Elsa Beatriz';
INSERT INTO classProfessors  SELECT '93.41','B', professors.id FROM professors WHERE professors.profName ='Lopez, Daniel Marcelo';
INSERT INTO classProfessors  SELECT '93.41','B', professors.id FROM professors WHERE professors.profName ='Vieytes, Roberto Eduardo';
INSERT INTO classProfessors  SELECT '93.41','B', professors.id FROM professors WHERE professors.profName ='Fernández Arancibia, Sol María';
INSERT INTO classProfessors  SELECT '93.41','C', professors.id FROM professors WHERE professors.profName ='Carnovale, Elsa Beatriz';
INSERT INTO classProfessors  SELECT '93.41','C', professors.id FROM professors WHERE professors.profName ='Diaz, Alejandro Raul';
INSERT INTO classProfessors  SELECT '93.41','C', professors.id FROM professors WHERE professors.profName ='Repossi, Patricia del Valle';
INSERT INTO classProfessors  SELECT '93.41','D', professors.id FROM professors WHERE professors.profName ='Carnovale, Elsa Beatriz';
INSERT INTO classProfessors  SELECT '93.41','D', professors.id FROM professors WHERE professors.profName ='Diaz, Alejandro Raul';
INSERT INTO classProfessors  SELECT '93.41','D', professors.id FROM professors WHERE professors.profName ='Vieytes, Roberto Eduardo';
INSERT INTO classProfessors  SELECT '93.41','D', professors.id FROM professors WHERE professors.profName ='Perotti, Marcelo Gustavo';
INSERT INTO classProfessors  SELECT '93.41','D', professors.id FROM professors WHERE professors.profName ='Repossi, Patricia del Valle';
INSERT INTO classProfessors  SELECT '93.41','E', professors.id FROM professors WHERE professors.profName ='Medus, Andrés Daniel';
INSERT INTO classProfessors  SELECT '93.41','E', professors.id FROM professors WHERE professors.profName ='Carnovale, Elsa Beatriz';
INSERT INTO classProfessors  SELECT '93.41','E', professors.id FROM professors WHERE professors.profName ='Bobadilla, Joel Ivan';
INSERT INTO classProfessors  SELECT '93.41','E', professors.id FROM professors WHERE professors.profName ='Vieytes, Roberto Eduardo';
INSERT INTO classProfessors  SELECT '93.41','F', professors.id FROM professors WHERE professors.profName ='Di Lorenzo, Francisco Javier';
INSERT INTO classProfessors  SELECT '93.41','F', professors.id FROM professors WHERE professors.profName ='Vieytes, Roberto Eduardo';
INSERT INTO classProfessors  SELECT '93.41','G', professors.id FROM professors WHERE professors.profName ='Carnovale, Elsa Beatriz';
INSERT INTO classProfessors  SELECT '93.41','G', professors.id FROM professors WHERE professors.profName ='Diaz, Alejandro Raul';
INSERT INTO classProfessors  SELECT '93.41','G', professors.id FROM professors WHERE professors.profName ='Vieytes, Roberto Eduardo';
INSERT INTO classProfessors  SELECT '93.41','G', professors.id FROM professors WHERE professors.profName ='Repossi, Patricia del Valle';
INSERT INTO classProfessors  SELECT '93.41','H', professors.id FROM professors WHERE professors.profName ='Medus, Andrés Daniel';
INSERT INTO classProfessors  SELECT '93.41','H', professors.id FROM professors WHERE professors.profName ='Vieytes, Roberto Eduardo';
INSERT INTO classProfessors  SELECT '93.41','H', professors.id FROM professors WHERE professors.profName ='Perotti, Marcelo Gustavo';
INSERT INTO classProfessors  SELECT '93.41','H', professors.id FROM professors WHERE professors.profName ='Fernández Arancibia, Sol María';
INSERT INTO classProfessors  SELECT '93.41','K', professors.id FROM professors WHERE professors.profName ='Carnovale, Elsa Beatriz';
INSERT INTO classProfessors  SELECT '93.41','K', professors.id FROM professors WHERE professors.profName ='Diaz, Alejandro Raul';
INSERT INTO classProfessors  SELECT '93.41','K', professors.id FROM professors WHERE professors.profName ='Perotti, Marcelo Gustavo';
INSERT INTO classProfessors  SELECT '93.41','K', professors.id FROM professors WHERE professors.profName ='Repossi, Patricia del Valle';
INSERT INTO classProfessors  SELECT '93.41','S', professors.id FROM professors WHERE professors.profName ='Bobadilla, Joel Ivan';
INSERT INTO classProfessors  SELECT '93.41','S', professors.id FROM professors WHERE professors.profName ='Vieytes, Roberto Eduardo';
INSERT INTO classProfessors  SELECT '93.41','S', professors.id FROM professors WHERE professors.profName ='Perotti, Marcelo Gustavo';
INSERT INTO classProfessors  SELECT '93.41','S', professors.id FROM professors WHERE professors.profName ='Repossi, Patricia del Valle';
INSERT INTO classProfessors  SELECT '93.41','S1', professors.id FROM professors WHERE professors.profName ='Diaz, Alejandro Raul';
INSERT INTO classProfessors  SELECT '93.41','S1', professors.id FROM professors WHERE professors.profName ='Di Lorenzo, Francisco Javier';
INSERT INTO classProfessors  SELECT '93.41','S1', professors.id FROM professors WHERE professors.profName ='Perotti, Marcelo Gustavo';
INSERT INTO classProfessors  SELECT '93.59','A', professors.id FROM professors WHERE professors.profName ='Bonucci, Pablo Leandro';
INSERT INTO classProfessors  SELECT '93.59','A', professors.id FROM professors WHERE professors.profName ='Sosa, Marina';
INSERT INTO classProfessors  SELECT '93.59','A', professors.id FROM professors WHERE professors.profName ='Wilk, Bernardo Matías';
INSERT INTO classProfessors  SELECT '93.59','B', professors.id FROM professors WHERE professors.profName ='Bonucci, Pablo Leandro';
INSERT INTO classProfessors  SELECT '93.59','B', professors.id FROM professors WHERE professors.profName ='Sosa, Marina';
INSERT INTO classProfessors  SELECT '93.59','B', professors.id FROM professors WHERE professors.profName ='Wilk, Bernardo Matías';
INSERT INTO classProfessors  SELECT '12.09','S', professors.id FROM professors WHERE professors.profName ='Testa Fernandez, Juan Jose';
INSERT INTO classProfessors  SELECT '12.09','S', professors.id FROM professors WHERE professors.profName ='Vanarelli, Mauro Esteban';
INSERT INTO classProfessors  SELECT '12.09','S2', professors.id FROM professors WHERE professors.profName ='Cammarata, María del mar';
INSERT INTO classProfessors  SELECT '12.09','S2', professors.id FROM professors WHERE professors.profName ='Meich, Veronica Cecilia';
INSERT INTO classProfessors  SELECT '72.32','S', professors.id FROM professors WHERE professors.profName ='Fontanella De Santis, Teresa Natalia';
INSERT INTO classProfessors  SELECT '72.32','S', professors.id FROM professors WHERE professors.profName ='Soliani, Valeria Inés';
INSERT INTO classProfessors  SELECT '72.33','S', professors.id FROM professors WHERE professors.profName ='Bagini, Matias Eugenio';
INSERT INTO classProfessors  SELECT '72.33','S', professors.id FROM professors WHERE professors.profName ='Castro Peña, Gonzalo';
INSERT INTO classProfessors  SELECT '72.33','S', professors.id FROM professors WHERE professors.profName ='Meola, Franco Román';
INSERT INTO classProfessors  SELECT '93.35','A', professors.id FROM professors WHERE professors.profName ='Fernández Sau, Mercedes';
INSERT INTO classProfessors  SELECT '93.35','A', professors.id FROM professors WHERE professors.profName ='Noni, Maria Laura';
INSERT INTO classProfessors  SELECT '93.35','B', professors.id FROM professors WHERE professors.profName ='Poggi, Facundo Sebastian';
INSERT INTO classProfessors  SELECT '93.35','B', professors.id FROM professors WHERE professors.profName ='Oviedo, Martina Guadalupe';
INSERT INTO classProfessors  SELECT '93.35','B', professors.id FROM professors WHERE professors.profName ='Vega, Santiago';
INSERT INTO classProfessors  SELECT '93.42','A', professors.id FROM professors WHERE professors.profName ='Gigli, Miriam Laura';
INSERT INTO classProfessors  SELECT '93.42','A', professors.id FROM professors WHERE professors.profName ='König, Pablo Germán';
INSERT INTO classProfessors  SELECT '93.42','A', professors.id FROM professors WHERE professors.profName ='AITA, HUGO ALBERTO';
INSERT INTO classProfessors  SELECT '93.42','B', professors.id FROM professors WHERE professors.profName ='Granado, Mauro';
INSERT INTO classProfessors  SELECT '93.42','B', professors.id FROM professors WHERE professors.profName ='Gigli, Miriam Laura';
INSERT INTO classProfessors  SELECT '93.42','B', professors.id FROM professors WHERE professors.profName ='Palazzo, Edgardo';
INSERT INTO classProfessors  SELECT '93.42','B', professors.id FROM professors WHERE professors.profName ='AITA, HUGO ALBERTO';
INSERT INTO classProfessors  SELECT '93.42','C', professors.id FROM professors WHERE professors.profName ='Granado, Mauro';
INSERT INTO classProfessors  SELECT '93.42','C', professors.id FROM professors WHERE professors.profName ='Gigli, Miriam Laura';
INSERT INTO classProfessors  SELECT '93.42','C', professors.id FROM professors WHERE professors.profName ='Palazzo, Edgardo';
INSERT INTO classProfessors  SELECT '93.42','C', professors.id FROM professors WHERE professors.profName ='AITA, HUGO ALBERTO';
INSERT INTO classProfessors  SELECT '93.42','D', professors.id FROM professors WHERE professors.profName ='Granado, Mauro';
INSERT INTO classProfessors  SELECT '93.42','D', professors.id FROM professors WHERE professors.profName ='Diaz, Alejandro Raul';
INSERT INTO classProfessors  SELECT '93.42','D', professors.id FROM professors WHERE professors.profName ='Palazzo, Edgardo';
INSERT INTO classProfessors  SELECT '93.42','D', professors.id FROM professors WHERE professors.profName ='AITA, HUGO ALBERTO';
INSERT INTO classProfessors  SELECT '93.42','E', professors.id FROM professors WHERE professors.profName ='DUVIDOVICH, LAURA PATRICIA';
INSERT INTO classProfessors  SELECT '93.42','E', professors.id FROM professors WHERE professors.profName ='Granado, Mauro';
INSERT INTO classProfessors  SELECT '93.42','E', professors.id FROM professors WHERE professors.profName ='König, Pablo Germán';
INSERT INTO classProfessors  SELECT '93.42','K', professors.id FROM professors WHERE professors.profName ='DUVIDOVICH, LAURA PATRICIA';
INSERT INTO classProfessors  SELECT '93.42','K', professors.id FROM professors WHERE professors.profName ='Granado, Mauro';
INSERT INTO classProfessors  SELECT '93.42','K', professors.id FROM professors WHERE professors.profName ='Palazzo, Edgardo';
INSERT INTO classProfessors  SELECT '93.42','K', professors.id FROM professors WHERE professors.profName ='AITA, HUGO ALBERTO';
INSERT INTO classProfessors  SELECT '93.42','MN', professors.id FROM professors WHERE professors.profName ='DUVIDOVICH, LAURA PATRICIA';
INSERT INTO classProfessors  SELECT '93.42','MN', professors.id FROM professors WHERE professors.profName ='Gigli, Miriam Laura';
INSERT INTO classProfessors  SELECT '93.42','MN', professors.id FROM professors WHERE professors.profName ='König, Pablo Germán';
INSERT INTO classProfessors  SELECT '93.42','MN', professors.id FROM professors WHERE professors.profName ='AITA, HUGO ALBERTO';
INSERT INTO classProfessors  SELECT '93.42','S', professors.id FROM professors WHERE professors.profName ='DUVIDOVICH, LAURA PATRICIA';
INSERT INTO classProfessors  SELECT '93.42','S', professors.id FROM professors WHERE professors.profName ='Granado, Mauro';
INSERT INTO classProfessors  SELECT '72.08','S', professors.id FROM professors WHERE professors.profName ='Merovich, Horacio Víctor';
INSERT INTO classProfessors  SELECT '72.08','S', professors.id FROM professors WHERE professors.profName ='Ramos, Federico Gabriel';
INSERT INTO classProfessors  SELECT '72.08','S', professors.id FROM professors WHERE professors.profName ='Vallés, Santiago Raúl';
INSERT INTO classProfessors  SELECT '72.34','S', professors.id FROM professors WHERE professors.profName ='Mader Blanco, Conrado Eugenio Fernando';
INSERT INTO classProfessors  SELECT '72.34','S', professors.id FROM professors WHERE professors.profName ='Staudenmann, Luis Alberto';
INSERT INTO classProfessors  SELECT '72.34','S', professors.id FROM professors WHERE professors.profName ='Gomez, Leticia Irene';
INSERT INTO classProfessors  SELECT '93.24','A', professors.id FROM professors WHERE professors.profName ='Fierens, Pablo Ignacio';
INSERT INTO classProfessors  SELECT '93.24','A', professors.id FROM professors WHERE professors.profName ='Pantazis, Lucio José';
INSERT INTO classProfessors  SELECT '93.24','B', professors.id FROM professors WHERE professors.profName ='Hayes, Alejandro';
INSERT INTO classProfessors  SELECT '93.24','B', professors.id FROM professors WHERE professors.profName ='Fierens, Pablo Ignacio';
INSERT INTO classProfessors  SELECT '93.43','A', professors.id FROM professors WHERE professors.profName ='Fernandez, Fernando Sergio';
INSERT INTO classProfessors  SELECT '93.43','A', professors.id FROM professors WHERE professors.profName ='Oreglia, Eduardo Victor';
INSERT INTO classProfessors  SELECT '93.43','A', professors.id FROM professors WHERE professors.profName ='Minces, Pablo Sebastián';
INSERT INTO classProfessors  SELECT '93.43','A', professors.id FROM professors WHERE professors.profName ='Bobadilla, Joel Ivan';
INSERT INTO classProfessors  SELECT '93.43','A', professors.id FROM professors WHERE professors.profName ='Sinardi, Norberto Antonio';
INSERT INTO classProfessors  SELECT '93.43','B', professors.id FROM professors WHERE professors.profName ='Medus, Andrés Daniel';
INSERT INTO classProfessors  SELECT '93.43','B', professors.id FROM professors WHERE professors.profName ='Fernandez, Fernando Sergio';
INSERT INTO classProfessors  SELECT '93.43','B', professors.id FROM professors WHERE professors.profName ='Minces, Pablo Sebastián';
INSERT INTO classProfessors  SELECT '93.43','B', professors.id FROM professors WHERE professors.profName ='Bobadilla, Joel Ivan';
INSERT INTO classProfessors  SELECT '93.43','C', professors.id FROM professors WHERE professors.profName ='Medus, Andrés Daniel';
INSERT INTO classProfessors  SELECT '93.43','C', professors.id FROM professors WHERE professors.profName ='Oreglia, Eduardo Victor';
INSERT INTO classProfessors  SELECT '93.43','C', professors.id FROM professors WHERE professors.profName ='Granado, Mauro';
INSERT INTO classProfessors  SELECT '93.43','D', professors.id FROM professors WHERE professors.profName ='Medus, Andrés Daniel';
INSERT INTO classProfessors  SELECT '93.43','D', professors.id FROM professors WHERE professors.profName ='Alessio, Maria Gabriela';
INSERT INTO classProfessors  SELECT '93.43','D', professors.id FROM professors WHERE professors.profName ='Oreglia, Eduardo Victor';
INSERT INTO classProfessors  SELECT '93.43','D', professors.id FROM professors WHERE professors.profName ='Granado, Mauro';
INSERT INTO classProfessors  SELECT '93.43','D', professors.id FROM professors WHERE professors.profName ='Sinardi, Norberto Antonio';
INSERT INTO classProfessors  SELECT '93.43','E', professors.id FROM professors WHERE professors.profName ='Medus, Andrés Daniel';
INSERT INTO classProfessors  SELECT '93.43','E', professors.id FROM professors WHERE professors.profName ='Florentín, Raúl Félix';
INSERT INTO classProfessors  SELECT '93.43','E', professors.id FROM professors WHERE professors.profName ='Bobadilla, Joel Ivan';
INSERT INTO classProfessors  SELECT '93.43','E', professors.id FROM professors WHERE professors.profName ='Sinardi, Norberto Antonio';
INSERT INTO classProfessors  SELECT '93.43','MNP', professors.id FROM professors WHERE professors.profName ='Medus, Andrés Daniel';
INSERT INTO classProfessors  SELECT '93.43','MNP', professors.id FROM professors WHERE professors.profName ='Florentín, Raúl Félix';
INSERT INTO classProfessors  SELECT '93.43','MNP', professors.id FROM professors WHERE professors.profName ='Lopez, Lucía F.';
INSERT INTO classProfessors  SELECT '93.43','MNP', professors.id FROM professors WHERE professors.profName ='Berlin, Guido';
INSERT INTO classProfessors  SELECT '93.43','Q', professors.id FROM professors WHERE professors.profName ='Medus, Andrés Daniel';
INSERT INTO classProfessors  SELECT '93.43','Q', professors.id FROM professors WHERE professors.profName ='Di Lorenzo, Francisco Javier';
INSERT INTO classProfessors  SELECT '93.43','Q', professors.id FROM professors WHERE professors.profName ='Alessio, Maria Gabriela';
INSERT INTO classProfessors  SELECT '93.43','Q', professors.id FROM professors WHERE professors.profName ='Frank, Guillermo Alberto';
INSERT INTO classProfessors  SELECT '93.43','Q', professors.id FROM professors WHERE professors.profName ='Oreglia, Eduardo Victor';
INSERT INTO classProfessors  SELECT '93.43','S', professors.id FROM professors WHERE professors.profName ='Medus, Andrés Daniel';
INSERT INTO classProfessors  SELECT '93.43','S', professors.id FROM professors WHERE professors.profName ='Di Lorenzo, Francisco Javier';
INSERT INTO classProfessors  SELECT '93.43','S', professors.id FROM professors WHERE professors.profName ='Frank, Guillermo Alberto';
INSERT INTO classProfessors  SELECT '93.43','S', professors.id FROM professors WHERE professors.profName ='Berlin, Guido';
INSERT INTO classProfessors  SELECT '93.43','S', professors.id FROM professors WHERE professors.profName ='Sinardi, Norberto Antonio';
INSERT INTO classProfessors  SELECT '72.11','S', professors.id FROM professors WHERE professors.profName ='Mogni, Guido Matías';
INSERT INTO classProfessors  SELECT '72.11','S', professors.id FROM professors WHERE professors.profName ='AQUILI, ALEJO EZEQUIEL';
INSERT INTO classProfessors  SELECT '72.11','S', professors.id FROM professors WHERE professors.profName ='Godio, Ariel';
INSERT INTO classProfessors  SELECT '72.35','S', professors.id FROM professors WHERE professors.profName ='Buquete, Maria Alejandra';
INSERT INTO classProfessors  SELECT '72.35','S', professors.id FROM professors WHERE professors.profName ='Botti, Federico José';
INSERT INTO classProfessors  SELECT '72.36','S', professors.id FROM professors WHERE professors.profName ='Dolagaratz, Gonzalo Matias';
INSERT INTO classProfessors  SELECT '72.36','S', professors.id FROM professors WHERE professors.profName ='Guerrero, Marcela Alejandra';
INSERT INTO classProfessors  SELECT '72.36','S', professors.id FROM professors WHERE professors.profName ='Vilas, Carlos Emiliano';
INSERT INTO classProfessors  SELECT '72.37','S', professors.id FROM professors WHERE professors.profName ='Rodriguez Babino, Cecilia';
INSERT INTO classProfessors  SELECT '72.37','S', professors.id FROM professors WHERE professors.profName ='Gomez, Leticia Irene';
INSERT INTO classProfessors  SELECT '72.07','S', professors.id FROM professors WHERE professors.profName ='Garberoglio, Marcelo Fabio';
INSERT INTO classProfessors  SELECT '72.07','S', professors.id FROM professors WHERE professors.profName ='Kulesz, Sebastian';
INSERT INTO classProfessors  SELECT '72.38','S', professors.id FROM professors WHERE professors.profName ='Sotuyo Dodero, Juan Martin';
INSERT INTO classProfessors  SELECT '72.38','S', professors.id FROM professors WHERE professors.profName ='SANGUINETI ARENA, FRANCISCO JAVIER';
INSERT INTO classProfessors  SELECT '72.38','S', professors.id FROM professors WHERE professors.profName ='D´ONOFRIO, NICOLÁS';
INSERT INTO classProfessors  SELECT '72.39','S', professors.id FROM professors WHERE professors.profName ='Arias Roig, Ana Maria';
INSERT INTO classProfessors  SELECT '72.39','S', professors.id FROM professors WHERE professors.profName ='Ramele, Rodrigo Ezequiel';
INSERT INTO classProfessors  SELECT '93.07','A', professors.id FROM professors WHERE professors.profName ='Epstein, Julián';
INSERT INTO classProfessors  SELECT '93.07','A', professors.id FROM professors WHERE professors.profName ='Devoto, Jorge Andres';
INSERT INTO classProfessors  SELECT '93.07','B', professors.id FROM professors WHERE professors.profName ='Wilk, Bernardo Matías';
INSERT INTO classProfessors  SELECT '93.07','B', professors.id FROM professors WHERE professors.profName ='Devoto, Jorge Andres';
INSERT INTO classProfessors  SELECT '93.07','C', professors.id FROM professors WHERE professors.profName ='Oviedo, Martina Guadalupe';
INSERT INTO classProfessors  SELECT '93.07','C', professors.id FROM professors WHERE professors.profName ='Devoto, Jorge Andres';
INSERT INTO classProfessors  SELECT '93.07','D', professors.id FROM professors WHERE professors.profName ='Epstein, Julián';
INSERT INTO classProfessors  SELECT '93.07','D', professors.id FROM professors WHERE professors.profName ='Wilk, Bernardo Matías';
INSERT INTO classProfessors  SELECT '93.07','D', professors.id FROM professors WHERE professors.profName ='Devoto, Jorge Andres';
INSERT INTO classProfessors  SELECT '94.21','A', professors.id FROM professors WHERE professors.profName ='Roldan, Juan Eduardo';
INSERT INTO classProfessors  SELECT '94.21','A', professors.id FROM professors WHERE professors.profName ='DIAZ LEIMBACHER, ENRIQUE DANIEL';
INSERT INTO classProfessors  SELECT '94.21','BK', professors.id FROM professors WHERE professors.profName ='Roldan, Juan Eduardo';
INSERT INTO classProfessors  SELECT '94.21','BK', professors.id FROM professors WHERE professors.profName ='DIAZ LEIMBACHER, ENRIQUE DANIEL';
INSERT INTO classProfessors  SELECT '94.21','C', professors.id FROM professors WHERE professors.profName ='Roldan, Juan Eduardo';
INSERT INTO classProfessors  SELECT '94.21','C', professors.id FROM professors WHERE professors.profName ='DIAZ LEIMBACHER, ENRIQUE DANIEL';
INSERT INTO classProfessors  SELECT '94.21','D', professors.id FROM professors WHERE professors.profName ='Roldan, Juan Eduardo';
INSERT INTO classProfessors  SELECT '94.21','D', professors.id FROM professors WHERE professors.profName ='DIAZ LEIMBACHER, ENRIQUE DANIEL';
INSERT INTO classProfessors  SELECT '94.21','E', professors.id FROM professors WHERE professors.profName ='Cravino, Ana Maria';
INSERT INTO classProfessors  SELECT '94.21','E', professors.id FROM professors WHERE professors.profName ='DIAZ LEIMBACHER, ENRIQUE DANIEL';
INSERT INTO classProfessors  SELECT '94.21','H', professors.id FROM professors WHERE professors.profName ='Roldan, Juan Eduardo';
INSERT INTO classProfessors  SELECT '94.21','H', professors.id FROM professors WHERE professors.profName ='DIAZ LEIMBACHER, ENRIQUE DANIEL';
INSERT INTO classProfessors  SELECT '61.23','K', professors.id FROM professors WHERE professors.profName ='Palandella, Mauricio Guillermo';
INSERT INTO classProfessors  SELECT '61.23','K', professors.id FROM professors WHERE professors.profName ='Coccolo, Pablo Bartolome';
INSERT INTO classProfessors  SELECT '61.23','KM', professors.id FROM professors WHERE professors.profName ='Lalanne, Santiago';
INSERT INTO classProfessors  SELECT '61.23','KM', professors.id FROM professors WHERE professors.profName ='Abayu, Jorge Alejandro';
INSERT INTO classProfessors  SELECT '61.23','KM', professors.id FROM professors WHERE professors.profName ='Massucco, Gustavo';
INSERT INTO classProfessors  SELECT '61.23','KM', professors.id FROM professors WHERE professors.profName ='Yáñez, Esteban Hernan';
INSERT INTO classProfessors  SELECT '61.23','KM', professors.id FROM professors WHERE professors.profName ='Coccolo, Pablo Bartolome';
INSERT INTO classProfessors  SELECT '61.23','PQ', professors.id FROM professors WHERE professors.profName ='Lalanne, Santiago';
INSERT INTO classProfessors  SELECT '61.23','PQ', professors.id FROM professors WHERE professors.profName ='Abayu, Jorge Alejandro';
INSERT INTO classProfessors  SELECT '61.23','PQ', professors.id FROM professors WHERE professors.profName ='Massucco, Gustavo';
INSERT INTO classProfessors  SELECT '61.23','PQ', professors.id FROM professors WHERE professors.profName ='Yáñez, Esteban Hernan';
INSERT INTO classProfessors  SELECT '61.23','PQ', professors.id FROM professors WHERE professors.profName ='Coccolo, Pablo Bartolome';
INSERT INTO classProfessors  SELECT '61.23','S', professors.id FROM professors WHERE professors.profName ='Palandella, Mauricio Guillermo';
INSERT INTO classProfessors  SELECT '61.23','S', professors.id FROM professors WHERE professors.profName ='Abayu, Jorge Alejandro';
INSERT INTO classProfessors  SELECT '61.23','S', professors.id FROM professors WHERE professors.profName ='Coccolo, Pablo Bartolome';
INSERT INTO classProfessors  SELECT '61.32','KS', professors.id FROM professors WHERE professors.profName ='Blázquez, Oscar Gustavo';
INSERT INTO classProfessors  SELECT '61.32','KS', professors.id FROM professors WHERE professors.profName ='Perego, Pablo Alejandro';
INSERT INTO classProfessors  SELECT '61.32','SK', professors.id FROM professors WHERE professors.profName ='Blázquez, Oscar Gustavo';
INSERT INTO classProfessors  SELECT '61.32','SK', professors.id FROM professors WHERE professors.profName ='Perego, Pablo Alejandro';
INSERT INTO classProfessors  SELECT '61.32','SK', professors.id FROM professors WHERE professors.profName ='Pringles Canto, Cristina del Valle';
INSERT INTO classProfessors  SELECT '72.40','S', professors.id FROM professors WHERE professors.profName ='García, Guillermo';
INSERT INTO classProfessors  SELECT '72.40','S', professors.id FROM professors WHERE professors.profName ='Sotuyo Dodero, Juan Martin';
INSERT INTO classProfessors  SELECT '72.41','S', professors.id FROM professors WHERE professors.profName ='Aizemberg, Diego Ariel';
INSERT INTO classProfessors  SELECT '72.41','S', professors.id FROM professors WHERE professors.profName ='Rodriguez Babino, Cecilia';
INSERT INTO classProfessors  SELECT '72.42','S', professors.id FROM professors WHERE professors.profName ='Turrin, Marcelo Emiliano';
INSERT INTO classProfessors  SELECT '72.42','S', professors.id FROM professors WHERE professors.profName ='Meola, Franco Román';
INSERT INTO classProfessors  SELECT '93.75','A', professors.id FROM professors WHERE professors.profName ='Hayes, Alejandro';
INSERT INTO classProfessors  SELECT '93.75','A', professors.id FROM professors WHERE professors.profName ='Benítez, Oscar Matías';
INSERT INTO classProfessors  SELECT '72.25','S', professors.id FROM professors WHERE professors.profName ='Patterson, Germán Agustín';
INSERT INTO classProfessors  SELECT '72.25','S', professors.id FROM professors WHERE professors.profName ='Parisi, Daniel Ricardo';
INSERT INTO classProfessors  SELECT '72.25','S', professors.id FROM professors WHERE professors.profName ='Wiebke, Lucas';
INSERT INTO classProfessors  SELECT '72.27','S', professors.id FROM professors WHERE professors.profName ='Pierri, Alan';
INSERT INTO classProfessors  SELECT '72.27','S', professors.id FROM professors WHERE professors.profName ='FUSTER, MARINA';
INSERT INTO classProfessors  SELECT '72.27','S', professors.id FROM professors WHERE professors.profName ='Ramele, Rodrigo Ezequiel';
INSERT INTO classProfessors  SELECT '72.27','S', professors.id FROM professors WHERE professors.profName ='PIÑEIRO, EUGENIA SOL';
INSERT INTO classProfessors  SELECT '72.27','S', professors.id FROM professors WHERE professors.profName ='BIANCHI, LUCIANO GUSTAVO';
INSERT INTO classProfessors  SELECT '72.43','S', professors.id FROM professors WHERE professors.profName ='Carrodani, Luz María Isabel';
INSERT INTO classProfessors  SELECT '72.43','S', professors.id FROM professors WHERE professors.profName ='Mon, Alicia Laura';
INSERT INTO classProfessors  SELECT '72.44','S', professors.id FROM professors WHERE professors.profName ='Arias Roig, Ana Maria';
INSERT INTO classProfessors  SELECT '72.44','S', professors.id FROM professors WHERE professors.profName ='Ramele, Rodrigo Ezequiel';
INSERT INTO classProfessors  SELECT '72.44','S', professors.id FROM professors WHERE professors.profName ='Abad, Pablo Eduardo';
INSERT INTO classProfessors  SELECT '12.83','BIO', professors.id FROM professors WHERE professors.profName ='Fernandez Velazco, Santiago';
INSERT INTO classProfessors  SELECT '12.83','BIO', professors.id FROM professors WHERE professors.profName ='Ordoñez, Hernán Darío';
INSERT INTO classProfessors  SELECT '12.83','BIO', professors.id FROM professors WHERE professors.profName ='Affranchino, Gustavo Osvaldo';
INSERT INTO classProfessors  SELECT '12.83','S', professors.id FROM professors WHERE professors.profName ='Fernandez Velazco, Santiago';
INSERT INTO classProfessors  SELECT '12.83','S', professors.id FROM professors WHERE professors.profName ='Ordoñez, Hernán Darío';
INSERT INTO classProfessors  SELECT '12.83','S', professors.id FROM professors WHERE professors.profName ='Affranchino, Gustavo Osvaldo';
INSERT INTO classProfessors  SELECT '72.45','S', professors.id FROM professors WHERE professors.profName ='Debrouvier, Hemilse';
INSERT INTO classProfessors  SELECT '72.45','S', professors.id FROM professors WHERE professors.profName ='Huerta, Jorge Ernesto';
INSERT INTO classProfessors  SELECT '72.45','S', professors.id FROM professors WHERE professors.profName ='Mon, Alicia Laura';
INSERT INTO classProfessors  SELECT '72.45','S', professors.id FROM professors WHERE professors.profName ='Soliani, Valeria Inés';
INSERT INTO classProfessors  SELECT '72.20','S', professors.id FROM professors WHERE professors.profName ='Staudenmann, Luis Alberto';
INSERT INTO classProfessors  SELECT '72.20','S', professors.id FROM professors WHERE professors.profName ='Ortiz, Pablo Gabriel';
INSERT INTO classProfessors  SELECT '72.20','S', professors.id FROM professors WHERE professors.profName ='CORTÉS RODRÍGUEZ, KEVIN IMANOL';
INSERT INTO classProfessors  SELECT '72.20','S', professors.id FROM professors WHERE professors.profName ='Vallés, Santiago Raúl';
INSERT INTO classProfessors  SELECT '94.23','AB', professors.id FROM professors WHERE professors.profName ='Calamante, Romina';
INSERT INTO classProfessors  SELECT '94.23','AB', professors.id FROM professors WHERE professors.profName ='Pedró, Cecilia Angélica';
INSERT INTO classProfessors  SELECT '94.23','C', professors.id FROM professors WHERE professors.profName ='Calamante, Romina';
INSERT INTO classProfessors  SELECT '94.23','C', professors.id FROM professors WHERE professors.profName ='Pedró, Cecilia Angélica';
INSERT INTO classProfessors  SELECT '94.23','KMP', professors.id FROM professors WHERE professors.profName ='Pekers, Paula';

INSERT INTO classProfessors SELECT '10.09', 'A',professors.id FROM professors WHERE professors.profName = 'Errandosoro, Fernando Damian';
INSERT INTO classProfessors SELECT '10.09', 'A',professors.id FROM professors WHERE professors.profName = 'Ayestaran, Marcos Alberto';
INSERT INTO classProfessors SELECT '10.09', 'A',professors.id FROM professors WHERE professors.profName = 'García Poitevin, Catalina';
INSERT INTO classProfessors SELECT '10.09', 'A',professors.id FROM professors WHERE professors.profName = 'Draier, Fernando';
INSERT INTO classProfessors SELECT '10.09', 'A',professors.id FROM professors WHERE professors.profName = 'Iribarren, Rodrigo Iñaki';
INSERT INTO classProfessors SELECT '10.09', 'A',professors.id FROM professors WHERE professors.profName = 'Balcazar, Federico';
INSERT INTO classProfessors SELECT '10.09', 'A',professors.id FROM professors WHERE professors.profName = 'Castagnino, Nicolas';
INSERT INTO classProfessors SELECT '10.09', 'A',professors.id FROM professors WHERE professors.profName = 'Ansaldi, Ezequiel Martín';
INSERT INTO classProfessors SELECT '16.04', 'BIO',professors.id FROM professors WHERE professors.profName = 'Urreta Benitez, Facundo';
INSERT INTO classProfessors SELECT '16.04', 'BIO',professors.id FROM professors WHERE professors.profName = 'Herrero, Nerea';
INSERT INTO classProfessors SELECT '16.04', 'BIO',professors.id FROM professors WHERE professors.profName = 'Forcato, Cecilia';
INSERT INTO classProfessors SELECT '16.04', 'BIO',professors.id FROM professors WHERE professors.profName = 'Moyano, Malen Daiana';
INSERT INTO classProfessors SELECT '16.50', 'A',professors.id FROM professors WHERE professors.profName = 'Breglia, Mariano Nicolás';
INSERT INTO classProfessors SELECT '16.50', 'A', professors.id FROM professors WHERE professors.profName ='Yankilevich, Patricio';
INSERT INTO classProfessors SELECT '22.48', 'K',professors.id FROM professors WHERE professors.profName = 'Jacoby, Daniel Andres';
INSERT INTO classProfessors SELECT '23.15', 'K', professors.id FROM professors WHERE professors.profName ='Ressl, Marc S.';
INSERT INTO classProfessors SELECT '61.50', 'K',professors.id FROM professors WHERE professors.profName = 'Palandella, Mauricio Guillermo';
INSERT INTO classProfessors SELECT '61.50', 'K', professors.id FROM professors WHERE professors.profName ='Coccolo, Pablo Bartolome';
INSERT INTO classProfessors SELECT '61.50', 'KM',professors.id FROM professors WHERE professors.profName = 'Lalanne, Santiago';
INSERT INTO classProfessors SELECT '61.50', 'KM',professors.id FROM professors WHERE professors.profName = 'Abayu, Jorge Alejandro';
INSERT INTO classProfessors SELECT '61.50', 'KM',professors.id FROM professors WHERE professors.profName = 'Massucco, Gustavo';
INSERT INTO classProfessors SELECT '61.50', 'KM',professors.id FROM professors WHERE professors.profName = 'Yáñez, Esteban Hernan';
INSERT INTO classProfessors SELECT '61.50', 'KM',professors.id FROM professors WHERE professors.profName = 'Coccolo, Pablo Bartolome';
INSERT INTO classProfessors SELECT '61.50', 'PQ',professors.id FROM professors WHERE professors.profName = 'Lalanne, Santiago';
INSERT INTO classProfessors SELECT '61.50', 'PQ',professors.id FROM professors WHERE professors.profName = 'Abayu, Jorge Alejandro';
INSERT INTO classProfessors SELECT '61.50', 'PQ',professors.id FROM professors WHERE professors.profName = 'Massucco, Gustavo';
INSERT INTO classProfessors SELECT '61.50', 'PQ',professors.id FROM professors WHERE professors.profName = 'Yáñez, Esteban Hernan';
INSERT INTO classProfessors SELECT '61.50', 'PQ',professors.id FROM professors WHERE professors.profName = 'Coccolo, Pablo Bartolome';
INSERT INTO classProfessors SELECT '61.50', 'S', professors.id FROM professors WHERE professors.profName ='Palandella, Mauricio Guillermo';
INSERT INTO classProfessors SELECT '61.50', 'S', professors.id FROM professors WHERE professors.profName ='Abayu, Jorge Alejandro';
INSERT INTO classProfessors SELECT '61.50', 'S', professors.id FROM professors WHERE professors.profName ='Coccolo, Pablo Bartolome';
INSERT INTO classProfessors SELECT '72.50', 'S',professors.id FROM professors WHERE professors.profName = 'Romarion, Germán Rodrigo';
INSERT INTO classProfessors SELECT '72.50', 'S', professors.id FROM professors WHERE professors.profName ='Donato, Juan Facundo';
INSERT INTO classProfessors SELECT '72.50', 'S', professors.id FROM professors WHERE professors.profName ='Ruiz, Diego Gabriel';
INSERT INTO classProfessors SELECT '72.52', 'S',professors.id FROM professors WHERE professors.profName = 'Gambini, Maria Juliana';
INSERT INTO classProfessors SELECT '72.52', 'S',professors.id FROM professors WHERE professors.profName = 'Guerrero, Marcela Alejandra';
INSERT INTO classProfessors SELECT '72.54', 'S',professors.id FROM professors WHERE professors.profName = 'Vaisman, Alejandro Ariel';
INSERT INTO classProfessors SELECT '72.58', 'S',professors.id FROM professors WHERE professors.profName = 'Abbate, Horacio Antonio';
INSERT INTO classProfessors SELECT '72.60', 'S',professors.id FROM professors WHERE professors.profName = 'Martinez Lopez, Pablo Ernesto';
INSERT INTO classProfessors SELECT '72.65', 'S',professors.id FROM professors WHERE professors.profName = 'Lorenzon, Jorge Alejandro';
INSERT INTO classProfessors SELECT '72.71', 'A',professors.id FROM professors WHERE professors.profName = 'Benitez, Mariano Miguel Guillermo';
INSERT INTO classProfessors SELECT '72.72', 'S',professors.id FROM professors WHERE professors.profName = 'Frias, Marcelo Fabian';
INSERT INTO classProfessors SELECT '72.74', 'S',professors.id FROM professors WHERE professors.profName = 'Balfour, Oliver';
INSERT INTO classProfessors SELECT '72.74', 'S',professors.id FROM professors WHERE professors.profName = 'Aizemberg, Diego Ariel';
INSERT INTO classProfessors SELECT '72.75', 'S',professors.id FROM professors WHERE professors.profName = 'PÉREZ SAMMARTINO, FRANCISCO';
INSERT INTO classProfessors SELECT '72.75', 'S',professors.id FROM professors WHERE professors.profName = 'MONDINO, CAROLINA';
INSERT INTO classProfessors SELECT '72.75', 'S',professors.id FROM professors WHERE professors.profName = 'Carbonari, Giulia';
INSERT INTO classProfessors SELECT '72.86', 'S',professors.id FROM professors WHERE professors.profName = 'Lorenzon, Jorge Alejandro';
INSERT INTO classProfessors SELECT '72.87', 'S',professors.id FROM professors WHERE professors.profName = 'Ottati, Leandro Marcio';
INSERT INTO classProfessors SELECT '72.89', 'S',professors.id FROM professors WHERE professors.profName = 'Jardi Bello, Yemel Angel';
INSERT INTO classProfessors SELECT '72.89', 'S',professors.id FROM professors WHERE professors.profName = 'LAVARELLO, AGUSTÍN';
INSERT INTO classProfessors SELECT '72.89', 'S',professors.id FROM professors WHERE professors.profName = 'Soracco, Tomás';
INSERT INTO classProfessors SELECT '72.90', 'S',professors.id FROM professors WHERE professors.profName = 'Pestchanker, Alejandro';
INSERT INTO classProfessors SELECT '72.90', 'S', professors.id FROM professors WHERE professors.profName ='Díaz Schwab, Roberto';
INSERT INTO classProfessors SELECT '72.90', 'S', professors.id FROM professors WHERE professors.profName ='Nicolet, Santiago';
INSERT INTO classProfessors SELECT '72.90', 'S', professors.id FROM professors WHERE professors.profName ='Caballero, Luis Ivan';
INSERT INTO classProfessors SELECT '72.90', 'S', professors.id FROM professors WHERE professors.profName ='Michelli, Mariano';
INSERT INTO classProfessors SELECT '72.92', 'S',professors.id FROM professors WHERE professors.profName = 'Vaisman, Alejandro Ariel';
INSERT INTO classProfessors SELECT '72.92', 'S',professors.id FROM professors WHERE professors.profName = 'Gomez, Leticia Irene';
INSERT INTO classProfessors SELECT '72.96', 'S',professors.id FROM professors WHERE professors.profName = 'Fraga, Matias';
INSERT INTO classProfessors SELECT '72.97', 'S',professors.id FROM professors WHERE professors.profName = 'Vallaro, Rodrigo';
INSERT INTO classProfessors SELECT '72.97', 'S',professors.id FROM professors WHERE professors.profName = 'Iervasi Scokin, Juan José';
INSERT INTO classProfessors SELECT '73.21', 'S',professors.id FROM professors WHERE professors.profName = 'Castro Peña, Gonzalo';
INSERT INTO classProfessors SELECT '73.21', 'S',professors.id FROM professors WHERE professors.profName = 'Garberoglio, Marcelo Fabio';
INSERT INTO classProfessors SELECT '73.40', 'A',professors.id FROM professors WHERE professors.profName = 'Castañeda, Federico Eduardo';
INSERT INTO classProfessors SELECT '73.40', 'A', professors.id FROM professors WHERE professors.profName ='SAGÜÉS, IGNACIO VALENTÍN';
INSERT INTO classProfessors SELECT '73.40', 'A', professors.id FROM professors WHERE professors.profName ='CAPPARELLI, MARTÍN FEDERICO';
INSERT INTO classProfessors SELECT '81.13', 'A',professors.id FROM professors WHERE professors.profName = 'Plata Martínez, Beatriz Elena';
INSERT INTO classProfessors SELECT '81.13', 'A',professors.id FROM professors WHERE professors.profName = 'ZEOLLA, KAREN';
INSERT INTO classProfessors SELECT '82.08', 'A',professors.id FROM professors WHERE professors.profName = 'BEINES FURCADA, JUAN MARTÍN';
INSERT INTO classProfessors SELECT '82.08', 'A',professors.id FROM professors WHERE professors.profName = 'NASILLO, AGUSTÍN GABRIEL';
INSERT INTO classProfessors SELECT '82.08', 'A',professors.id FROM professors WHERE professors.profName = 'PANNUNZIO PUTIGNANO, FAUSTINO MARIO ERNESTO';
INSERT INTO classProfessors SELECT '82.18', 'A',professors.id FROM professors WHERE professors.profName = 'Caravaggio, Leonardo Andrés';
INSERT INTO classProfessors SELECT '82.18', 'A',professors.id FROM professors WHERE professors.profName = 'Valentini, Francisco';
INSERT INTO classProfessors SELECT '94.42', 'A',professors.id FROM professors WHERE professors.profName = 'Magro, Adriana Edith';
INSERT INTO classProfessors SELECT '94.42', 'A',professors.id FROM professors WHERE professors.profName = 'Gallo Haddad, Daniela';
INSERT INTO classProfessors SELECT '94.42', 'A',professors.id FROM professors WHERE professors.profName = 'Presas Neira, Maria Esperanza';
INSERT INTO classProfessors SELECT '94.62', 'A',professors.id FROM professors WHERE professors.profName = 'Suárez, Gustavo Daniel';
INSERT INTO classProfessors SELECT '94.62', 'A',professors.id FROM professors WHERE professors.profName = 'Blázquez, Oscar Gustavo';
INSERT INTO classProfessors SELECT '94.62', 'A',professors.id FROM professors WHERE professors.profName = 'Perego, Pablo Alejandro';
